,id,base,exp,tau,type,strike,bid,ask,last_deal,th_price,sigma,underlying_price
0,RIM0,RTS,18-06-20,35,,,108550,108560,108550,,,
1,SiM0,Si,18-06-20,35,,,74444,74445,74443,,,
2,RI030000BE0,RIM0,21-05-20,7,Call,30000.0,0,0,0,78610.0,116.621,108550.0
3,RI032500BE0,RIM0,21-05-20,7,Call,32500.0,0,0,0,76110.0,116.624,108550.0
4,RI035000BE0,RIM0,21-05-20,7,Call,35000.0,0,0,0,73610.0,116.627,108550.0
5,RI037500BE0,RIM0,21-05-20,7,Call,37500.0,0,0,0,71110.0,116.63,108550.0
6,RI040000BE0,RIM0,21-05-20,7,Call,40000.0,0,0,0,68610.0,116.632,108550.0
7,RI042500BE0,RIM0,21-05-20,7,Call,42500.0,0,0,0,66110.0,116.631,108550.0
8,RI045000BE0,RIM0,21-05-20,7,Call,45000.0,0,0,0,63610.0,116.622,108550.0
9,RI047500BE0,RIM0,21-05-20,7,Call,47500.0,0,0,0,61110.0,116.596,108550.0
10,RI050000BE0,RIM0,21-05-20,7,Call,50000.0,0,0,0,58610.0,116.536,108550.0
11,RI052500BE0,RIM0,21-05-20,7,Call,52500.0,0,0,0,56110.0,116.416,108550.0
12,RI055000BE0,RIM0,21-05-20,7,Call,55000.0,0,0,0,53610.0,116.194,108550.0
13,RI057500BE0,RIM0,21-05-20,7,Call,57500.0,0,0,0,51110.0,115.818,108550.0
14,RI060000BE0,RIM0,21-05-20,7,Call,60000.0,0,0,0,48610.0,115.219,108550.0
15,RI062500BE0,RIM0,21-05-20,7,Call,62500.0,0,0,0,46110.0,114.321,108550.0
16,RI065000BE0,RIM0,21-05-20,7,Call,65000.0,0,0,0,43610.0,113.038,108550.0
17,RI067500BE0,RIM0,21-05-20,7,Call,67500.0,0,0,0,41110.0,111.289,108550.0
18,RI070000BE0,RIM0,21-05-20,7,Call,70000.0,0,0,0,38620.0,109.003,108550.0
19,RI072500BE0,RIM0,21-05-20,7,Call,72500.0,0,0,0,36120.0,106.128,108550.0
20,RI075000BE0,RIM0,21-05-20,7,Call,75000.0,0,0,0,33630.0,102.637,108550.0
21,RI077500BE0,RIM0,21-05-20,7,Call,77500.0,0,0,0,31140.0,98.536,108550.0
22,RI080000BE0,RIM0,21-05-20,7,Call,80000.0,0,0,0,28650.0,93.864,108550.0
23,RI082500BE0,RIM0,21-05-20,7,Call,82500.0,0,0,0,26160.0,88.692,108550.0
24,RI085000BE0,RIM0,21-05-20,7,Call,85000.0,0,0,0,23680.0,83.124,108550.0
25,RI087500BE0,RIM0,21-05-20,7,Call,87500.0,0,0,0,21200.0,77.287,108550.0
26,RI090000BE0,RIM0,21-05-20,7,Call,90000.0,8800,149990,0,18720.0,71.326,108550.0
27,RI092500BE0,RIM0,21-05-20,7,Call,92500.0,15980,16390,0,16250.0,65.395,108550.0
28,RI095000BE0,RIM0,21-05-20,7,Call,95000.0,13550,13960,0,13800.0,59.649,108550.0
29,RI097500BE0,RIM0,21-05-20,7,Call,97500.0,11140,11490,0,11370.0,54.236,108550.0
30,RI100000BE0,RIM0,21-05-20,7,Call,100000.0,8780,9190,10000,9010.0,49.292,108550.0
31,RI102500BE0,RIM0,21-05-20,7,Call,102500.0,6520,6930,6000,6740.0,44.937,108550.0
32,RI105000BE0,RIM0,21-05-20,7,Call,105000.0,4550,4770,4100,4660.0,41.273,108550.0
33,RI107500BE0,RIM0,21-05-20,7,Call,107500.0,2890,2980,3000,2900.0,38.392,108550.0
34,RI110000BE0,RIM0,21-05-20,7,Call,110000.0,1540,1590,1620,1580.0,36.392,108550.0
35,RI112500BE0,RIM0,21-05-20,7,Call,112500.0,680,740,700,760.0,35.448,108550.0
36,RI115000BE0,RIM0,21-05-20,7,Call,115000.0,270,310,280,350.0,35.978,108550.0
37,RI117500BE0,RIM0,21-05-20,7,Call,117500.0,130,140,140,180.0,38.036,108550.0
38,RI120000BE0,RIM0,21-05-20,7,Call,120000.0,60,90,80,90.0,40.048,108550.0
39,RI122500BE0,RIM0,21-05-20,7,Call,122500.0,20,40,30,50.0,41.951,108550.0
40,RI125000BE0,RIM0,21-05-20,7,Call,125000.0,20,40,30,30.0,44.122,108550.0
41,RI127500BE0,RIM0,21-05-20,7,Call,127500.0,20,40,20,20.0,46.656,108550.0
42,RI130000BE0,RIM0,21-05-20,7,Call,130000.0,10,20,10,10.0,49.541,108550.0
43,RI132500BE0,RIM0,21-05-20,7,Call,132500.0,10,30,20,10.0,52.728,108550.0
44,RI135000BE0,RIM0,21-05-20,7,Call,135000.0,0,20,10,10.0,56.156,108550.0
45,RI137500BE0,RIM0,21-05-20,7,Call,137500.0,0,20,0,10.0,59.762,108550.0
46,RI140000BE0,RIM0,21-05-20,7,Call,140000.0,0,10,10,10.0,63.483,108550.0
47,RI142500BE0,RIM0,21-05-20,7,Call,142500.0,0,100,0,10.0,67.264,108550.0
48,RI145000BE0,RIM0,21-05-20,7,Call,145000.0,0,90,0,10.0,71.052,108550.0
49,RI147500BE0,RIM0,21-05-20,7,Call,147500.0,0,20,0,10.0,74.803,108550.0
50,RI150000BE0,RIM0,21-05-20,7,Call,150000.0,0,20,0,10.0,78.478,108550.0
51,RI152500BE0,RIM0,21-05-20,7,Call,152500.0,0,20,0,10.0,82.045,108550.0
52,RI155000BE0,RIM0,21-05-20,7,Call,155000.0,0,20,0,10.0,85.479,108550.0
53,RI157500BE0,RIM0,21-05-20,7,Call,157500.0,0,20,0,10.0,88.76,108550.0
54,RI160000BE0,RIM0,21-05-20,7,Call,160000.0,0,10,0,10.0,91.874,108550.0
55,RI162500BE0,RIM0,21-05-20,7,Call,162500.0,0,0,0,10.0,94.81,108550.0
56,RI165000BE0,RIM0,21-05-20,7,Call,165000.0,0,0,0,10.0,97.563,108550.0
57,RI167500BE0,RIM0,21-05-20,7,Call,167500.0,0,0,0,10.0,100.131,108550.0
58,RI170000BE0,RIM0,21-05-20,7,Call,170000.0,0,0,0,10.0,102.514,108550.0
59,RI172500BE0,RIM0,21-05-20,7,Call,172500.0,0,0,0,10.0,104.717,108550.0
60,RI175000BE0,RIM0,21-05-20,7,Call,175000.0,0,0,0,10.0,106.744,108550.0
61,RI177500BE0,RIM0,21-05-20,7,Call,177500.0,0,0,0,10.0,108.602,108550.0
62,RI180000BE0,RIM0,21-05-20,7,Call,180000.0,0,0,0,10.0,110.299,108550.0
63,RI182500BE0,RIM0,21-05-20,7,Call,182500.0,0,0,0,10.0,111.845,108550.0
64,RI185000BE0,RIM0,21-05-20,7,Call,185000.0,0,0,0,10.0,113.247,108550.0
65,RI030000BQ0,RIM0,21-05-20,7,Put,30000.0,0,490,0,10.0,116.621,108550.0
66,RI032500BQ0,RIM0,21-05-20,7,Put,32500.0,0,9999990,0,10.0,116.624,108550.0
67,RI035000BQ0,RIM0,21-05-20,7,Put,35000.0,0,470,0,10.0,116.627,108550.0
68,RI037500BQ0,RIM0,21-05-20,7,Put,37500.0,0,29970,0,10.0,116.63,108550.0
69,RI040000BQ0,RIM0,21-05-20,7,Put,40000.0,0,10,0,10.0,116.632,108550.0
70,RI042500BQ0,RIM0,21-05-20,7,Put,42500.0,0,29980,0,10.0,116.631,108550.0
71,RI045000BQ0,RIM0,21-05-20,7,Put,45000.0,0,10,0,10.0,116.622,108550.0
72,RI047500BQ0,RIM0,21-05-20,7,Put,47500.0,0,39980,0,10.0,116.596,108550.0
73,RI050000BQ0,RIM0,21-05-20,7,Put,50000.0,0,10,0,10.0,116.536,108550.0
74,RI052500BQ0,RIM0,21-05-20,7,Put,52500.0,0,990,0,10.0,116.416,108550.0
75,RI055000BQ0,RIM0,21-05-20,7,Put,55000.0,0,10,0,10.0,116.194,108550.0
76,RI057500BQ0,RIM0,21-05-20,7,Put,57500.0,0,990,0,10.0,115.818,108550.0
77,RI060000BQ0,RIM0,21-05-20,7,Put,60000.0,0,10,0,10.0,115.219,108550.0
78,RI062500BQ0,RIM0,21-05-20,7,Put,62500.0,0,990,0,10.0,114.321,108550.0
79,RI065000BQ0,RIM0,21-05-20,7,Put,65000.0,0,20,0,10.0,113.038,108550.0
80,RI067500BQ0,RIM0,21-05-20,7,Put,67500.0,0,20,0,10.0,111.289,108550.0
81,RI070000BQ0,RIM0,21-05-20,7,Put,70000.0,10,30,30,10.0,109.003,108550.0
82,RI072500BQ0,RIM0,21-05-20,7,Put,72500.0,10,30,0,10.0,106.128,108550.0
83,RI075000BQ0,RIM0,21-05-20,7,Put,75000.0,20,30,30,20.0,102.637,108550.0
84,RI077500BQ0,RIM0,21-05-20,7,Put,77500.0,20,30,30,30.0,98.536,108550.0
85,RI080000BQ0,RIM0,21-05-20,7,Put,80000.0,20,50,60,40.0,93.864,108550.0
86,RI082500BQ0,RIM0,21-05-20,7,Put,82500.0,30,90,30,50.0,88.692,108550.0
87,RI085000BQ0,RIM0,21-05-20,7,Put,85000.0,50,70,40,70.0,83.124,108550.0
88,RI087500BQ0,RIM0,21-05-20,7,Put,87500.0,70,90,100,90.0,77.287,108550.0
89,RI090000BQ0,RIM0,21-05-20,7,Put,90000.0,90,110,100,110.0,71.326,108550.0
90,RI092500BQ0,RIM0,21-05-20,7,Put,92500.0,110,160,120,140.0,65.395,108550.0
91,RI095000BQ0,RIM0,21-05-20,7,Put,95000.0,180,210,180,190.0,59.649,108550.0
92,RI097500BQ0,RIM0,21-05-20,7,Put,97500.0,250,300,300,260.0,54.236,108550.0
93,RI100000BQ0,RIM0,21-05-20,7,Put,100000.0,380,430,390,400.0,49.292,108550.0
94,RI102500BQ0,RIM0,21-05-20,7,Put,102500.0,640,710,690,630.0,44.937,108550.0
95,RI105000BQ0,RIM0,21-05-20,7,Put,105000.0,1080,1130,1130,1050.0,41.273,108550.0
96,RI107500BQ0,RIM0,21-05-20,7,Put,107500.0,1820,1900,1830,1790.0,38.392,108550.0
97,RI110000BQ0,RIM0,21-05-20,7,Put,110000.0,3000,3040,3030,2970.0,36.392,108550.0
98,RI112500BQ0,RIM0,21-05-20,7,Put,112500.0,4570,4740,4740,4650.0,35.448,108550.0
99,RI115000BQ0,RIM0,21-05-20,7,Put,115000.0,6560,6850,7300,6740.0,35.978,108550.0
100,RI117500BQ0,RIM0,21-05-20,7,Put,117500.0,8920,9240,8800,9070.0,38.036,108550.0
101,RI120000BQ0,RIM0,21-05-20,7,Put,120000.0,11300,11700,0,11480.0,40.048,108550.0
102,RI122500BQ0,RIM0,21-05-20,7,Put,122500.0,13760,14170,0,13940.0,41.951,108550.0
103,RI125000BQ0,RIM0,21-05-20,7,Put,125000.0,340,149990,0,16420.0,44.122,108550.0
104,RI127500BQ0,RIM0,21-05-20,7,Put,127500.0,0,169990,0,18910.0,46.656,108550.0
105,RI130000BQ0,RIM0,21-05-20,7,Put,130000.0,0,0,0,21400.0,49.541,108550.0
106,RI132500BQ0,RIM0,21-05-20,7,Put,132500.0,0,0,0,23900.0,52.728,108550.0
107,RI135000BQ0,RIM0,21-05-20,7,Put,135000.0,0,0,0,26400.0,56.156,108550.0
108,RI137500BQ0,RIM0,21-05-20,7,Put,137500.0,0,0,0,28900.0,59.762,108550.0
109,RI140000BQ0,RIM0,21-05-20,7,Put,140000.0,0,0,0,31400.0,63.483,108550.0
110,RI142500BQ0,RIM0,21-05-20,7,Put,142500.0,0,0,0,33900.0,67.264,108550.0
111,RI145000BQ0,RIM0,21-05-20,7,Put,145000.0,0,0,0,36400.0,71.052,108550.0
112,RI147500BQ0,RIM0,21-05-20,7,Put,147500.0,0,0,0,38900.0,74.803,108550.0
113,RI150000BQ0,RIM0,21-05-20,7,Put,150000.0,0,0,0,41400.0,78.478,108550.0
114,RI152500BQ0,RIM0,21-05-20,7,Put,152500.0,0,0,0,43900.0,82.045,108550.0
115,RI155000BQ0,RIM0,21-05-20,7,Put,155000.0,0,0,0,46400.0,85.479,108550.0
116,RI157500BQ0,RIM0,21-05-20,7,Put,157500.0,0,0,0,48900.0,88.76,108550.0
117,RI160000BQ0,RIM0,21-05-20,7,Put,160000.0,0,0,0,51400.0,91.874,108550.0
118,RI162500BQ0,RIM0,21-05-20,7,Put,162500.0,0,0,0,53900.0,94.81,108550.0
119,RI165000BQ0,RIM0,21-05-20,7,Put,165000.0,0,0,0,56400.0,97.563,108550.0
120,RI167500BQ0,RIM0,21-05-20,7,Put,167500.0,0,0,0,58890.0,100.131,108550.0
121,RI170000BQ0,RIM0,21-05-20,7,Put,170000.0,0,0,0,61390.0,102.514,108550.0
122,RI172500BQ0,RIM0,21-05-20,7,Put,172500.0,0,0,0,63890.0,104.717,108550.0
123,RI175000BQ0,RIM0,21-05-20,7,Put,175000.0,0,0,0,66390.0,106.744,108550.0
124,RI177500BQ0,RIM0,21-05-20,7,Put,177500.0,0,0,0,68890.0,108.602,108550.0
125,RI180000BQ0,RIM0,21-05-20,7,Put,180000.0,0,0,0,71390.0,110.299,108550.0
126,RI182500BQ0,RIM0,21-05-20,7,Put,182500.0,0,0,0,73890.0,111.845,108550.0
127,RI185000BQ0,RIM0,21-05-20,7,Put,185000.0,0,0,0,76390.0,113.247,108550.0
128,RI015000BF0,RIM0,18-06-20,35,Call,15000.0,140,0,0,93610.0,99.082,108550.0
129,RI017500BF0,RIM0,18-06-20,35,Call,17500.0,120,0,0,91110.0,99.084,108550.0
130,RI020000BF0,RIM0,18-06-20,35,Call,20000.0,73420,769980,0,88610.0,99.081,108550.0
131,RI022500BF0,RIM0,18-06-20,35,Call,22500.0,0,0,0,86110.0,99.069,108550.0
132,RI025000BF0,RIM0,18-06-20,35,Call,25000.0,0,0,0,83610.0,99.037,108550.0
133,RI027500BF0,RIM0,18-06-20,35,Call,27500.0,0,0,0,81110.0,98.97,108550.0
134,RI030000BF0,RIM0,18-06-20,35,Call,30000.0,0,0,0,78610.0,98.847,108550.0
135,RI032500BF0,RIM0,18-06-20,35,Call,32500.0,0,0,0,76110.0,98.645,108550.0
136,RI035000BF0,RIM0,18-06-20,35,Call,35000.0,0,0,0,73610.0,98.335,108550.0
137,RI037500BF0,RIM0,18-06-20,35,Call,37500.0,0,0,0,71110.0,97.888,108550.0
138,RI040000BF0,RIM0,18-06-20,35,Call,40000.0,0,0,0,68610.0,97.277,108550.0
139,RI042500BF0,RIM0,18-06-20,35,Call,42500.0,0,0,0,66110.0,96.478,108550.0
140,RI045000BF0,RIM0,18-06-20,35,Call,45000.0,0,0,0,63620.0,95.47,108550.0
141,RI047500BF0,RIM0,18-06-20,35,Call,47500.0,0,0,0,61120.0,94.241,108550.0
142,RI050000BF0,RIM0,18-06-20,35,Call,50000.0,0,0,0,58630.0,92.782,108550.0
143,RI052500BF0,RIM0,18-06-20,35,Call,52500.0,0,0,0,56140.0,91.095,108550.0
144,RI055000BF0,RIM0,18-06-20,35,Call,55000.0,0,0,0,53660.0,89.184,108550.0
145,RI057500BF0,RIM0,18-06-20,35,Call,57500.0,0,0,0,51170.0,87.062,108550.0
146,RI060000BF0,RIM0,18-06-20,35,Call,60000.0,0,0,0,48700.0,84.747,108550.0
147,RI062500BF0,RIM0,18-06-20,35,Call,62500.0,0,0,0,46220.0,82.26,108550.0
148,RI065000BF0,RIM0,18-06-20,35,Call,65000.0,0,0,0,43750.0,79.628,108550.0
149,RI067500BF0,RIM0,18-06-20,35,Call,67500.0,0,0,0,41280.0,76.879,108550.0
150,RI070000BF0,RIM0,18-06-20,35,Call,70000.0,0,0,0,38820.0,74.041,108550.0
151,RI072500BF0,RIM0,18-06-20,35,Call,72500.0,0,0,0,36360.0,71.145,108550.0
152,RI075000BF0,RIM0,18-06-20,35,Call,75000.0,0,0,0,33910.0,68.22,108550.0
153,RI077500BF0,RIM0,18-06-20,35,Call,77500.0,0,0,0,31470.0,65.295,108550.0
154,RI080000BF0,RIM0,18-06-20,35,Call,80000.0,0,0,0,29040.0,62.398,108550.0
155,RI082500BF0,RIM0,18-06-20,35,Call,82500.0,0,0,0,26630.0,59.555,108550.0
156,RI085000BF0,RIM0,18-06-20,35,Call,85000.0,12050,199990,0,24240.0,56.789,108550.0
157,RI087500BF0,RIM0,18-06-20,35,Call,87500.0,0,0,0,21870.0,54.121,108550.0
158,RI090000BF0,RIM0,18-06-20,35,Call,90000.0,0,0,0,19530.0,51.569,108550.0
159,RI092500BF0,RIM0,18-06-20,35,Call,92500.0,0,0,0,17250.0,49.151,108550.0
160,RI095000BF0,RIM0,18-06-20,35,Call,95000.0,0,27160,15300,15030.0,46.879,108550.0
161,RI097500BF0,RIM0,18-06-20,35,Call,97500.0,12690,13210,13100,12890.0,44.766,108550.0
162,RI100000BF0,RIM0,18-06-20,35,Call,100000.0,10680,11120,11000,10850.0,42.819,108550.0
163,RI102500BF0,RIM0,18-06-20,35,Call,102500.0,8770,9230,0,8950.0,41.046,108550.0
164,RI105000BF0,RIM0,18-06-20,35,Call,105000.0,7060,7510,7260,7200.0,39.452,108550.0
165,RI107500BF0,RIM0,18-06-20,35,Call,107500.0,5460,5950,5660,5650.0,38.042,108550.0
166,RI110000BF0,RIM0,18-06-20,35,Call,110000.0,4200,4440,4350,4300.0,36.819,108550.0
167,RI112500BF0,RIM0,18-06-20,35,Call,112500.0,3130,3250,3150,3180.0,35.785,108550.0
168,RI115000BF0,RIM0,18-06-20,35,Call,115000.0,2180,2230,2270,2280.0,34.946,108550.0
169,RI117500BF0,RIM0,18-06-20,35,Call,117500.0,1470,1500,1500,1600.0,34.31,108550.0
170,RI120000BF0,RIM0,18-06-20,35,Call,120000.0,950,1000,1000,1090.0,33.893,108550.0
171,RI122500BF0,RIM0,18-06-20,35,Call,122500.0,610,700,680,740.0,33.727,108550.0
172,RI125000BF0,RIM0,18-06-20,35,Call,125000.0,400,460,420,510.0,33.868,108550.0
173,RI127500BF0,RIM0,18-06-20,35,Call,127500.0,260,330,330,360.0,34.373,108550.0
174,RI130000BF0,RIM0,18-06-20,35,Call,130000.0,200,220,200,270.0,35.157,108550.0
175,RI132500BF0,RIM0,18-06-20,35,Call,132500.0,100,170,0,200.0,35.958,108550.0
176,RI135000BF0,RIM0,18-06-20,35,Call,135000.0,110,160,140,150.0,36.657,108550.0
177,RI137500BF0,RIM0,18-06-20,35,Call,137500.0,10,180,0,110.0,37.302,108550.0
178,RI140000BF0,RIM0,18-06-20,35,Call,140000.0,70,130,100,80.0,37.953,108550.0
179,RI142500BF0,RIM0,18-06-20,35,Call,142500.0,40,130,0,60.0,38.64,108550.0
180,RI145000BF0,RIM0,18-06-20,35,Call,145000.0,30,100,0,50.0,39.38,108550.0
181,RI147500BF0,RIM0,18-06-20,35,Call,147500.0,30,1090,0,40.0,40.177,108550.0
182,RI150000BF0,RIM0,18-06-20,35,Call,150000.0,20,150,10,30.0,41.033,108550.0
183,RI152500BF0,RIM0,18-06-20,35,Call,152500.0,0,49990,0,20.0,41.944,108550.0
184,RI155000BF0,RIM0,18-06-20,35,Call,155000.0,0,100,0,20.0,42.906,108550.0
185,RI157500BF0,RIM0,18-06-20,35,Call,157500.0,0,20,0,20.0,43.916,108550.0
186,RI160000BF0,RIM0,18-06-20,35,Call,160000.0,0,10,0,10.0,44.968,108550.0
187,RI162500BF0,RIM0,18-06-20,35,Call,162500.0,10,40,0,10.0,46.057,108550.0
188,RI165000BF0,RIM0,18-06-20,35,Call,165000.0,0,120,0,10.0,47.179,108550.0
189,RI167500BF0,RIM0,18-06-20,35,Call,167500.0,0,0,0,10.0,48.329,108550.0
190,RI170000BF0,RIM0,18-06-20,35,Call,170000.0,10,200,0,10.0,49.501,108550.0
191,RI172500BF0,RIM0,18-06-20,35,Call,172500.0,10,0,10,10.0,50.692,108550.0
192,RI175000BF0,RIM0,18-06-20,35,Call,175000.0,0,0,0,10.0,51.898,108550.0
193,RI177500BF0,RIM0,18-06-20,35,Call,177500.0,0,0,0,10.0,53.114,108550.0
194,RI180000BF0,RIM0,18-06-20,35,Call,180000.0,0,0,0,10.0,54.336,108550.0
195,RI182500BF0,RIM0,18-06-20,35,Call,182500.0,0,0,0,10.0,55.563,108550.0
196,RI185000BF0,RIM0,18-06-20,35,Call,185000.0,0,0,0,10.0,56.789,108550.0
197,RI187500BF0,RIM0,18-06-20,35,Call,187500.0,0,140,0,10.0,58.013,108550.0
198,RI190000BF0,RIM0,18-06-20,35,Call,190000.0,0,0,0,10.0,59.232,108550.0
199,RI197500BF0,RIM0,18-06-20,35,Call,197500.0,0,0,0,10.0,62.835,108550.0
200,RI200000BF0,RIM0,18-06-20,35,Call,200000.0,0,0,0,10.0,64.011,108550.0
201,RI202500BF0,RIM0,18-06-20,35,Call,202500.0,0,0,0,10.0,65.172,108550.0
202,RI205000BF0,RIM0,18-06-20,35,Call,205000.0,0,0,0,10.0,66.317,108550.0
203,RI210000BF0,RIM0,18-06-20,35,Call,210000.0,0,0,0,10.0,68.551,108550.0
204,RI220000BF0,RIM0,18-06-20,35,Call,220000.0,0,0,0,10.0,72.778,108550.0
205,RI015000BR0,RIM0,18-06-20,35,Put,15000.0,0,349980,0,10.0,99.082,108550.0
206,RI017500BR0,RIM0,18-06-20,35,Put,17500.0,0,50,0,10.0,99.084,108550.0
207,RI020000BR0,RIM0,18-06-20,35,Put,20000.0,0,190,0,10.0,99.081,108550.0
208,RI022500BR0,RIM0,18-06-20,35,Put,22500.0,0,19990,0,10.0,99.069,108550.0
209,RI025000BR0,RIM0,18-06-20,35,Put,25000.0,0,580,0,10.0,99.037,108550.0
210,RI027500BR0,RIM0,18-06-20,35,Put,27500.0,10,19990,0,10.0,98.97,108550.0
211,RI030000BR0,RIM0,18-06-20,35,Put,30000.0,10,1210,0,10.0,98.847,108550.0
212,RI032500BR0,RIM0,18-06-20,35,Put,32500.0,10,24990,0,10.0,98.645,108550.0
213,RI035000BR0,RIM0,18-06-20,35,Put,35000.0,10,24990,0,10.0,98.335,108550.0
214,RI037500BR0,RIM0,18-06-20,35,Put,37500.0,10,24990,0,10.0,97.888,108550.0
215,RI040000BR0,RIM0,18-06-20,35,Put,40000.0,10,50,0,10.0,97.277,108550.0
216,RI042500BR0,RIM0,18-06-20,35,Put,42500.0,10,29990,0,10.0,96.478,108550.0
217,RI045000BR0,RIM0,18-06-20,35,Put,45000.0,10,6650,0,10.0,95.47,108550.0
218,RI047500BR0,RIM0,18-06-20,35,Put,47500.0,10,29990,30,10.0,94.241,108550.0
219,RI050000BR0,RIM0,18-06-20,35,Put,50000.0,20,90,40,20.0,92.782,108550.0
220,RI052500BR0,RIM0,18-06-20,35,Put,52500.0,10,49990,0,30.0,91.095,108550.0
221,RI055000BR0,RIM0,18-06-20,35,Put,55000.0,20,120,50,50.0,89.184,108550.0
222,RI057500BR0,RIM0,18-06-20,35,Put,57500.0,50,49990,0,60.0,87.062,108550.0
223,RI060000BR0,RIM0,18-06-20,35,Put,60000.0,70,170,70,90.0,84.747,108550.0
224,RI062500BR0,RIM0,18-06-20,35,Put,62500.0,50,49990,0,110.0,82.26,108550.0
225,RI065000BR0,RIM0,18-06-20,35,Put,65000.0,110,180,180,140.0,79.628,108550.0
226,RI067500BR0,RIM0,18-06-20,35,Put,67500.0,50,99990,0,170.0,76.879,108550.0
227,RI070000BR0,RIM0,18-06-20,35,Put,70000.0,180,190,190,210.0,74.041,108550.0
228,RI072500BR0,RIM0,18-06-20,35,Put,72500.0,40,340,290,250.0,71.145,108550.0
229,RI075000BR0,RIM0,18-06-20,35,Put,75000.0,210,390,200,300.0,68.22,108550.0
230,RI077500BR0,RIM0,18-06-20,35,Put,77500.0,50,560,0,360.0,65.295,108550.0
231,RI080000BR0,RIM0,18-06-20,35,Put,80000.0,350,480,450,430.0,62.398,108550.0
232,RI082500BR0,RIM0,18-06-20,35,Put,82500.0,420,740,550,520.0,59.555,108550.0
233,RI085000BR0,RIM0,18-06-20,35,Put,85000.0,540,700,700,630.0,56.789,108550.0
234,RI087500BR0,RIM0,18-06-20,35,Put,87500.0,690,920,810,760.0,54.121,108550.0
235,RI090000BR0,RIM0,18-06-20,35,Put,90000.0,910,1040,990,920.0,51.569,108550.0
236,RI092500BR0,RIM0,18-06-20,35,Put,92500.0,1120,1300,1120,1140.0,49.151,108550.0
237,RI095000BR0,RIM0,18-06-20,35,Put,95000.0,1410,1600,1620,1420.0,46.879,108550.0
238,RI097500BR0,RIM0,18-06-20,35,Put,97500.0,1850,1950,1850,1780.0,44.766,108550.0
239,RI100000BR0,RIM0,18-06-20,35,Put,100000.0,2330,2430,2400,2240.0,42.819,108550.0
240,RI102500BR0,RIM0,18-06-20,35,Put,102500.0,2920,3050,3150,2840.0,41.046,108550.0
241,RI105000BR0,RIM0,18-06-20,35,Put,105000.0,3660,3800,3770,3590.0,39.452,108550.0
242,RI107500BR0,RIM0,18-06-20,35,Put,107500.0,4590,4740,4650,4540.0,38.042,108550.0
243,RI110000BR0,RIM0,18-06-20,35,Put,110000.0,5710,5840,6140,5690.0,36.819,108550.0
244,RI112500BR0,RIM0,18-06-20,35,Put,112500.0,6890,7310,7480,7070.0,35.785,108550.0
245,RI115000BR0,RIM0,18-06-20,35,Put,115000.0,8490,8910,9300,8670.0,34.946,108550.0
246,RI117500BR0,RIM0,18-06-20,35,Put,117500.0,10220,10660,10100,10490.0,34.31,108550.0
247,RI120000BR0,RIM0,18-06-20,35,Put,120000.0,6040,49990,0,12480.0,33.893,108550.0
248,RI122500BR0,RIM0,18-06-20,35,Put,122500.0,20,119990,0,14630.0,33.727,108550.0
249,RI125000BR0,RIM0,18-06-20,35,Put,125000.0,370,139990,0,16900.0,33.868,108550.0
250,RI127500BR0,RIM0,18-06-20,35,Put,127500.0,0,0,0,19250.0,34.373,108550.0
251,RI130000BR0,RIM0,18-06-20,35,Put,130000.0,0,0,0,21660.0,35.157,108550.0
252,RI132500BR0,RIM0,18-06-20,35,Put,132500.0,0,0,0,24090.0,35.958,108550.0
253,RI135000BR0,RIM0,18-06-20,35,Put,135000.0,0,0,0,26540.0,36.657,108550.0
254,RI137500BR0,RIM0,18-06-20,35,Put,137500.0,0,0,0,29000.0,37.302,108550.0
255,RI140000BR0,RIM0,18-06-20,35,Put,140000.0,0,0,0,31470.0,37.953,108550.0
256,RI142500BR0,RIM0,18-06-20,35,Put,142500.0,0,0,0,33950.0,38.64,108550.0
257,RI145000BR0,RIM0,18-06-20,35,Put,145000.0,0,0,0,36440.0,39.38,108550.0
258,RI147500BR0,RIM0,18-06-20,35,Put,147500.0,0,0,0,38930.0,40.177,108550.0
259,RI150000BR0,RIM0,18-06-20,35,Put,150000.0,0,0,0,41420.0,41.033,108550.0
260,RI152500BR0,RIM0,18-06-20,35,Put,152500.0,0,0,0,43910.0,41.944,108550.0
261,RI155000BR0,RIM0,18-06-20,35,Put,155000.0,0,0,0,46410.0,42.906,108550.0
262,RI157500BR0,RIM0,18-06-20,35,Put,157500.0,0,0,0,48910.0,43.916,108550.0
263,RI160000BR0,RIM0,18-06-20,35,Put,160000.0,0,0,0,51400.0,44.968,108550.0
264,RI162500BR0,RIM0,18-06-20,35,Put,162500.0,0,0,0,53900.0,46.057,108550.0
265,RI165000BR0,RIM0,18-06-20,35,Put,165000.0,0,0,0,56400.0,47.179,108550.0
266,RI167500BR0,RIM0,18-06-20,35,Put,167500.0,0,0,0,58900.0,48.329,108550.0
267,RI170000BR0,RIM0,18-06-20,35,Put,170000.0,0,0,0,61400.0,49.501,108550.0
268,RI172500BR0,RIM0,18-06-20,35,Put,172500.0,0,0,0,63900.0,50.692,108550.0
269,RI175000BR0,RIM0,18-06-20,35,Put,175000.0,0,0,0,66400.0,51.898,108550.0
270,RI177500BR0,RIM0,18-06-20,35,Put,177500.0,0,0,0,68900.0,53.114,108550.0
271,RI180000BR0,RIM0,18-06-20,35,Put,180000.0,0,0,0,71400.0,54.336,108550.0
272,RI182500BR0,RIM0,18-06-20,35,Put,182500.0,0,0,0,73900.0,55.563,108550.0
273,RI185000BR0,RIM0,18-06-20,35,Put,185000.0,0,0,0,76400.0,56.789,108550.0
274,RI187500BR0,RIM0,18-06-20,35,Put,187500.0,0,0,0,78900.0,58.013,108550.0
275,RI190000BR0,RIM0,18-06-20,35,Put,190000.0,68250,189880,0,81400.0,59.232,108550.0
276,RI197500BR0,RIM0,18-06-20,35,Put,197500.0,0,0,0,88900.0,62.835,108550.0
277,RI200000BR0,RIM0,18-06-20,35,Put,200000.0,0,0,0,91400.0,64.011,108550.0
278,RI202500BR0,RIM0,18-06-20,35,Put,202500.0,0,0,0,93900.0,65.172,108550.0
279,RI205000BR0,RIM0,18-06-20,35,Put,205000.0,0,0,0,96400.0,66.317,108550.0
280,RI210000BR0,RIM0,18-06-20,35,Put,210000.0,0,0,0,101400.0,68.551,108550.0
281,RI220000BR0,RIM0,18-06-20,35,Put,220000.0,0,0,0,111400.0,72.778,108550.0
282,Si059250BE0,SiM0,21-05-20,7,Call,59250.0,0,0,0,15202.0,49.415,74443.0
283,Si059500BE0,SiM0,21-05-20,7,Call,59500.0,0,0,0,14952.0,49.235,74443.0
284,Si059750BE0,SiM0,21-05-20,7,Call,59750.0,0,0,0,14702.0,49.036,74443.0
285,Si060000BE0,SiM0,21-05-20,7,Call,60000.0,0,0,0,14452.0,48.816,74443.0
286,Si060250BE0,SiM0,21-05-20,7,Call,60250.0,0,0,0,14202.0,48.573,74443.0
287,Si060500BE0,SiM0,21-05-20,7,Call,60500.0,0,0,0,13952.0,48.306,74443.0
288,Si060750BE0,SiM0,21-05-20,7,Call,60750.0,0,0,0,13702.0,48.013,74443.0
289,Si061000BE0,SiM0,21-05-20,7,Call,61000.0,0,0,0,13453.0,47.694,74443.0
290,Si061250BE0,SiM0,21-05-20,7,Call,61250.0,0,0,0,13203.0,47.346,74443.0
291,Si061500BE0,SiM0,21-05-20,7,Call,61500.0,0,0,0,12953.0,46.968,74443.0
292,Si061750BE0,SiM0,21-05-20,7,Call,61750.0,0,0,0,12703.0,46.56,74443.0
293,Si062000BE0,SiM0,21-05-20,7,Call,62000.0,0,0,0,12454.0,46.12,74443.0
294,Si062250BE0,SiM0,21-05-20,7,Call,62250.0,0,0,0,12204.0,45.647,74443.0
295,Si062500BE0,SiM0,21-05-20,7,Call,62500.0,0,0,0,11954.0,45.142,74443.0
296,Si062750BE0,SiM0,21-05-20,7,Call,62750.0,0,0,0,11705.0,44.603,74443.0
297,Si063000BE0,SiM0,21-05-20,7,Call,63000.0,0,0,0,11455.0,44.031,74443.0
298,Si063250BE0,SiM0,21-05-20,7,Call,63250.0,0,0,0,11205.0,43.425,74443.0
299,Si063500BE0,SiM0,21-05-20,7,Call,63500.0,0,0,0,10956.0,42.786,74443.0
300,Si063750BE0,SiM0,21-05-20,7,Call,63750.0,0,0,0,10706.0,42.115,74443.0
301,Si064000BE0,SiM0,21-05-20,7,Call,64000.0,0,0,0,10456.0,41.411,74443.0
302,Si064250BE0,SiM0,21-05-20,7,Call,64250.0,0,0,0,10207.0,40.677,74443.0
303,Si064500BE0,SiM0,21-05-20,7,Call,64500.0,0,0,0,9957.0,39.913,74443.0
304,Si064750BE0,SiM0,21-05-20,7,Call,64750.0,0,0,0,9707.0,39.123,74443.0
305,Si065000BE0,SiM0,21-05-20,7,Call,65000.0,0,0,0,9457.0,38.306,74443.0
306,Si065250BE0,SiM0,21-05-20,7,Call,65250.0,0,0,0,9208.0,37.466,74443.0
307,Si065500BE0,SiM0,21-05-20,7,Call,65500.0,0,0,0,8958.0,36.605,74443.0
308,Si065750BE0,SiM0,21-05-20,7,Call,65750.0,0,0,0,8708.0,35.726,74443.0
309,Si066000BE0,SiM0,21-05-20,7,Call,66000.0,0,0,0,8458.0,34.832,74443.0
310,Si066250BE0,SiM0,21-05-20,7,Call,66250.0,0,0,0,8208.0,33.926,74443.0
311,Si066500BE0,SiM0,21-05-20,7,Call,66500.0,0,0,0,7958.0,33.011,74443.0
312,Si066750BE0,SiM0,21-05-20,7,Call,66750.0,0,0,0,7708.0,32.09,74443.0
313,Si067000BE0,SiM0,21-05-20,7,Call,67000.0,0,0,0,7458.0,31.167,74443.0
314,Si067250BE0,SiM0,21-05-20,7,Call,67250.0,0,0,0,7209.0,30.245,74443.0
315,Si067500BE0,SiM0,21-05-20,7,Call,67500.0,0,0,0,6959.0,29.328,74443.0
316,Si067750BE0,SiM0,21-05-20,7,Call,67750.0,0,0,0,6709.0,28.418,74443.0
317,Si068000BE0,SiM0,21-05-20,7,Call,68000.0,3490,0,0,6459.0,27.52,74443.0
318,Si068250BE0,SiM0,21-05-20,7,Call,68250.0,0,0,0,6209.0,26.636,74443.0
319,Si068500BE0,SiM0,21-05-20,7,Call,68500.0,0,0,0,5960.0,25.769,74443.0
320,Si068750BE0,SiM0,21-05-20,7,Call,68750.0,0,0,0,5710.0,24.922,74443.0
321,Si069000BE0,SiM0,21-05-20,7,Call,69000.0,0,0,0,5461.0,24.097,74443.0
322,Si069250BE0,SiM0,21-05-20,7,Call,69250.0,0,0,0,5211.0,23.296,74443.0
323,Si069500BE0,SiM0,21-05-20,7,Call,69500.0,0,0,0,4962.0,22.521,74443.0
324,Si069750BE0,SiM0,21-05-20,7,Call,69750.0,0,0,0,4713.0,21.774,74443.0
325,Si070000BE0,SiM0,21-05-20,7,Call,70000.0,1462,0,0,4464.0,21.056,74443.0
326,Si070250BE0,SiM0,21-05-20,7,Call,70250.0,0,0,0,4216.0,20.369,74443.0
327,Si070500BE0,SiM0,21-05-20,7,Call,70500.0,0,0,0,3968.0,19.714,74443.0
328,Si070750BE0,SiM0,21-05-20,7,Call,70750.0,0,0,0,3721.0,19.095,74443.0
329,Si071000BE0,SiM0,21-05-20,7,Call,71000.0,504,0,0,3475.0,18.513,74443.0
330,Si071250BE0,SiM0,21-05-20,7,Call,71250.0,0,0,0,3230.0,17.972,74443.0
331,Si071500BE0,SiM0,21-05-20,7,Call,71500.0,2883,3061,3248,2986.0,17.477,74443.0
332,Si071750BE0,SiM0,21-05-20,7,Call,71750.0,0,0,0,2745.0,17.033,74443.0
333,Si072000BE0,SiM0,21-05-20,7,Call,72000.0,2468,2586,2766,2507.0,16.644,74443.0
334,Si072250BE0,SiM0,21-05-20,7,Call,72250.0,0,0,0,2273.0,16.317,74443.0
335,Si072500BE0,SiM0,21-05-20,7,Call,72500.0,1932,2094,0,2045.0,16.055,74443.0
336,Si072750BE0,SiM0,21-05-20,7,Call,72750.0,111,0,0,1824.0,15.862,74443.0
337,Si073000BE0,SiM0,21-05-20,7,Call,73000.0,1493,1660,1615,1613.0,15.74,74443.0
338,Si073250BE0,SiM0,21-05-20,7,Call,73250.0,112,2222,0,1414.0,15.691,74443.0
339,Si073500BE0,SiM0,21-05-20,7,Call,73500.0,1141,1254,1252,1228.0,15.713,74443.0
340,Si073750BE0,SiM0,21-05-20,7,Call,73750.0,111,0,0,1059.0,15.804,74443.0
341,Si074000BE0,SiM0,21-05-20,7,Call,74000.0,865,907,967,907.0,15.962,74443.0
342,Si074250BE0,SiM0,21-05-20,7,Call,74250.0,307,1000,1000,772.0,16.184,74443.0
343,Si074500BE0,SiM0,21-05-20,7,Call,74500.0,650,674,660,655.0,16.464,74443.0
344,Si074750BE0,SiM0,21-05-20,7,Call,74750.0,241,0,0,555.0,16.799,74443.0
345,Si075000BE0,SiM0,21-05-20,7,Call,75000.0,460,490,490,471.0,17.183,74443.0
346,Si075250BE0,SiM0,21-05-20,7,Call,75250.0,189,0,0,400.0,17.613,74443.0
347,Si075500BE0,SiM0,21-05-20,7,Call,75500.0,339,377,362,340.0,18.084,74443.0
348,Si075750BE0,SiM0,21-05-20,7,Call,75750.0,138,0,0,292.0,18.59,74443.0
349,Si076000BE0,SiM0,21-05-20,7,Call,76000.0,247,284,270,251.0,19.127,74443.0
350,Si076250BE0,SiM0,21-05-20,7,Call,76250.0,76,0,0,217.0,19.691,74443.0
351,Si076500BE0,SiM0,21-05-20,7,Call,76500.0,186,204,203,190.0,20.278,74443.0
352,Si076750BE0,SiM0,21-05-20,7,Call,76750.0,36,0,0,167.0,20.884,74443.0
353,Si077000BE0,SiM0,21-05-20,7,Call,77000.0,128,162,150,147.0,21.504,74443.0
354,Si077250BE0,SiM0,21-05-20,7,Call,77250.0,26,0,0,131.0,22.135,74443.0
355,Si077500BE0,SiM0,21-05-20,7,Call,77500.0,97,125,128,117.0,22.774,74443.0
356,Si077750BE0,SiM0,21-05-20,7,Call,77750.0,21,0,0,105.0,23.417,74443.0
357,Si078000BE0,SiM0,21-05-20,7,Call,78000.0,78,102,114,95.0,24.061,74443.0
358,Si078250BE0,SiM0,21-05-20,7,Call,78250.0,11,0,0,86.0,24.704,74443.0
359,Si078500BE0,SiM0,21-05-20,7,Call,78500.0,60,89,83,78.0,25.342,74443.0
360,Si078750BE0,SiM0,21-05-20,7,Call,78750.0,11,110,0,71.0,25.974,74443.0
361,Si079000BE0,SiM0,21-05-20,7,Call,79000.0,61,71,64,65.0,26.597,74443.0
362,Si079250BE0,SiM0,21-05-20,7,Call,79250.0,11,0,0,60.0,27.209,74443.0
363,Si079500BE0,SiM0,21-05-20,7,Call,79500.0,32,59,57,55.0,27.808,74443.0
364,Si079750BE0,SiM0,21-05-20,7,Call,79750.0,1,0,0,50.0,28.394,74443.0
365,Si080000BE0,SiM0,21-05-20,7,Call,80000.0,25,47,45,46.0,28.963,74443.0
366,Si080250BE0,SiM0,21-05-20,7,Call,80250.0,0,0,0,42.0,29.517,74443.0
367,Si080500BE0,SiM0,21-05-20,7,Call,80500.0,20,40,0,38.0,30.052,74443.0
368,Si080750BE0,SiM0,21-05-20,7,Call,80750.0,0,0,0,35.0,30.57,74443.0
369,Si081000BE0,SiM0,21-05-20,7,Call,81000.0,0,33,30,32.0,31.068,74443.0
370,Si081250BE0,SiM0,21-05-20,7,Call,81250.0,0,0,0,29.0,31.547,74443.0
371,Si081500BE0,SiM0,21-05-20,7,Call,81500.0,0,28,0,27.0,32.006,74443.0
372,Si081750BE0,SiM0,21-05-20,7,Call,81750.0,0,0,0,24.0,32.444,74443.0
373,Si082000BE0,SiM0,21-05-20,7,Call,82000.0,10,22,0,22.0,32.863,74443.0
374,Si082250BE0,SiM0,21-05-20,7,Call,82250.0,0,0,0,20.0,33.261,74443.0
375,Si082500BE0,SiM0,21-05-20,7,Call,82500.0,0,20,0,18.0,33.64,74443.0
376,Si082750BE0,SiM0,21-05-20,7,Call,82750.0,0,0,0,16.0,33.999,74443.0
377,Si083000BE0,SiM0,21-05-20,7,Call,83000.0,0,17,0,15.0,34.338,74443.0
378,Si083250BE0,SiM0,21-05-20,7,Call,83250.0,0,0,0,13.0,34.658,74443.0
379,Si083500BE0,SiM0,21-05-20,7,Call,83500.0,0,24,0,12.0,34.96,74443.0
380,Si083750BE0,SiM0,21-05-20,7,Call,83750.0,0,0,0,10.0,35.244,74443.0
381,Si084000BE0,SiM0,21-05-20,7,Call,84000.0,0,11,0,9.0,35.51,74443.0
382,Si084250BE0,SiM0,21-05-20,7,Call,84250.0,0,0,0,8.0,35.759,74443.0
383,Si084500BE0,SiM0,21-05-20,7,Call,84500.0,1,34,0,7.0,35.992,74443.0
384,Si084750BE0,SiM0,21-05-20,7,Call,84750.0,0,0,0,6.0,36.209,74443.0
385,Si085000BE0,SiM0,21-05-20,7,Call,85000.0,2,15,16,6.0,36.412,74443.0
386,Si085250BE0,SiM0,21-05-20,7,Call,85250.0,0,0,0,5.0,36.6,74443.0
387,Si085500BE0,SiM0,21-05-20,7,Call,85500.0,0,22,0,4.0,36.774,74443.0
388,Si085750BE0,SiM0,21-05-20,7,Call,85750.0,0,0,0,4.0,36.935,74443.0
389,Si086000BE0,SiM0,21-05-20,7,Call,86000.0,0,8,0,3.0,37.084,74443.0
390,Si086250BE0,SiM0,21-05-20,7,Call,86250.0,0,0,0,3.0,37.222,74443.0
391,Si086500BE0,SiM0,21-05-20,7,Call,86500.0,0,22,0,2.0,37.348,74443.0
392,Si086750BE0,SiM0,21-05-20,7,Call,86750.0,0,0,0,2.0,37.465,74443.0
393,Si087000BE0,SiM0,21-05-20,7,Call,87000.0,0,0,0,2.0,37.571,74443.0
394,Si087250BE0,SiM0,21-05-20,7,Call,87250.0,0,0,0,1.0,37.669,74443.0
395,Si087500BE0,SiM0,21-05-20,7,Call,87500.0,0,22,0,1.0,37.758,74443.0
396,Si087750BE0,SiM0,21-05-20,7,Call,87750.0,0,0,0,1.0,37.839,74443.0
397,Si088000BE0,SiM0,21-05-20,7,Call,88000.0,0,22,0,1.0,37.913,74443.0
398,Si088250BE0,SiM0,21-05-20,7,Call,88250.0,0,0,0,1.0,37.979,74443.0
399,Si088500BE0,SiM0,21-05-20,7,Call,88500.0,0,0,0,1.0,38.04,74443.0
400,Si088750BE0,SiM0,21-05-20,7,Call,88750.0,0,0,0,1.0,38.095,74443.0
401,Si089000BE0,SiM0,21-05-20,7,Call,89000.0,0,499,0,1.0,38.144,74443.0
402,Si089250BE0,SiM0,21-05-20,7,Call,89250.0,0,0,0,1.0,38.188,74443.0
403,Si089500BE0,SiM0,21-05-20,7,Call,89500.0,0,0,0,1.0,38.228,74443.0
404,Si090000BE0,SiM0,21-05-20,7,Call,90000.0,1,8,0,1.0,38.294,74443.0
405,Si090250BE0,SiM0,21-05-20,7,Call,90250.0,0,0,0,1.0,38.322,74443.0
406,Si090500BE0,SiM0,21-05-20,7,Call,90500.0,0,0,0,1.0,38.347,74443.0
407,Si094750BE0,SiM0,21-05-20,7,Call,94750.0,0,1499,0,1.0,38.476,74443.0
408,Si059250BQ0,SiM0,21-05-20,7,Put,59250.0,0,0,0,1.0,49.415,74443.0
409,Si059500BQ0,SiM0,21-05-20,7,Put,59500.0,0,0,0,1.0,49.235,74443.0
410,Si059750BQ0,SiM0,21-05-20,7,Put,59750.0,0,0,0,1.0,49.036,74443.0
411,Si060000BQ0,SiM0,21-05-20,7,Put,60000.0,0,13,0,1.0,48.816,74443.0
412,Si060250BQ0,SiM0,21-05-20,7,Put,60250.0,0,0,0,1.0,48.573,74443.0
413,Si060500BQ0,SiM0,21-05-20,7,Put,60500.0,0,0,0,1.0,48.306,74443.0
414,Si060750BQ0,SiM0,21-05-20,7,Put,60750.0,0,0,0,1.0,48.013,74443.0
415,Si061000BQ0,SiM0,21-05-20,7,Put,61000.0,0,15,0,2.0,47.694,74443.0
416,Si061250BQ0,SiM0,21-05-20,7,Put,61250.0,0,0,0,2.0,47.346,74443.0
417,Si061500BQ0,SiM0,21-05-20,7,Put,61500.0,0,0,0,2.0,46.968,74443.0
418,Si061750BQ0,SiM0,21-05-20,7,Put,61750.0,0,0,0,2.0,46.56,74443.0
419,Si062000BQ0,SiM0,21-05-20,7,Put,62000.0,0,17,0,3.0,46.12,74443.0
420,Si062250BQ0,SiM0,21-05-20,7,Put,62250.0,0,0,0,3.0,45.647,74443.0
421,Si062500BQ0,SiM0,21-05-20,7,Put,62500.0,0,0,0,3.0,45.142,74443.0
422,Si062750BQ0,SiM0,21-05-20,7,Put,62750.0,0,0,0,4.0,44.603,74443.0
423,Si063000BQ0,SiM0,21-05-20,7,Put,63000.0,0,71,4,4.0,44.031,74443.0
424,Si063250BQ0,SiM0,21-05-20,7,Put,63250.0,0,0,0,4.0,43.425,74443.0
425,Si063500BQ0,SiM0,21-05-20,7,Put,63500.0,0,96,0,5.0,42.786,74443.0
426,Si063750BQ0,SiM0,21-05-20,7,Put,63750.0,0,0,0,5.0,42.115,74443.0
427,Si064000BQ0,SiM0,21-05-20,7,Put,64000.0,0,0,0,5.0,41.411,74443.0
428,Si064250BQ0,SiM0,21-05-20,7,Put,64250.0,0,0,0,6.0,40.677,74443.0
429,Si064500BQ0,SiM0,21-05-20,7,Put,64500.0,0,27,0,6.0,39.913,74443.0
430,Si064750BQ0,SiM0,21-05-20,7,Put,64750.0,0,0,0,6.0,39.123,74443.0
431,Si065000BQ0,SiM0,21-05-20,7,Put,65000.0,4,30,0,6.0,38.306,74443.0
432,Si065250BQ0,SiM0,21-05-20,7,Put,65250.0,0,0,0,7.0,37.466,74443.0
433,Si065500BQ0,SiM0,21-05-20,7,Put,65500.0,0,31,0,7.0,36.605,74443.0
434,Si065750BQ0,SiM0,21-05-20,7,Put,65750.0,0,0,0,7.0,35.726,74443.0
435,Si066000BQ0,SiM0,21-05-20,7,Put,66000.0,1,35,0,7.0,34.832,74443.0
436,Si066250BQ0,SiM0,21-05-20,7,Put,66250.0,0,0,0,7.0,33.926,74443.0
437,Si066500BQ0,SiM0,21-05-20,7,Put,66500.0,5,41,0,7.0,33.011,74443.0
438,Si066750BQ0,SiM0,21-05-20,7,Put,66750.0,0,0,0,7.0,32.09,74443.0
439,Si067000BQ0,SiM0,21-05-20,7,Put,67000.0,4,13,10,7.0,31.167,74443.0
440,Si067250BQ0,SiM0,21-05-20,7,Put,67250.0,0,0,0,8.0,30.245,74443.0
441,Si067500BQ0,SiM0,21-05-20,7,Put,67500.0,4,47,0,8.0,29.328,74443.0
442,Si067750BQ0,SiM0,21-05-20,7,Put,67750.0,0,0,0,8.0,28.418,74443.0
443,Si068000BQ0,SiM0,21-05-20,7,Put,68000.0,4,28,0,8.0,27.52,74443.0
444,Si068250BQ0,SiM0,21-05-20,7,Put,68250.0,0,0,0,8.0,26.636,74443.0
445,Si068500BQ0,SiM0,21-05-20,7,Put,68500.0,4,43,13,9.0,25.769,74443.0
446,Si068750BQ0,SiM0,21-05-20,7,Put,68750.0,0,0,0,9.0,24.922,74443.0
447,Si069000BQ0,SiM0,21-05-20,7,Put,69000.0,1,37,20,10.0,24.097,74443.0
448,Si069250BQ0,SiM0,21-05-20,7,Put,69250.0,0,0,0,10.0,23.296,74443.0
449,Si069500BQ0,SiM0,21-05-20,7,Put,69500.0,0,34,0,11.0,22.521,74443.0
450,Si069750BQ0,SiM0,21-05-20,7,Put,69750.0,0,0,0,12.0,21.774,74443.0
451,Si070000BQ0,SiM0,21-05-20,7,Put,70000.0,8,25,15,13.0,21.056,74443.0
452,Si070250BQ0,SiM0,21-05-20,7,Put,70250.0,0,0,0,15.0,20.369,74443.0
453,Si070500BQ0,SiM0,21-05-20,7,Put,70500.0,1,36,0,17.0,19.714,74443.0
454,Si070750BQ0,SiM0,21-05-20,7,Put,70750.0,4,0,0,20.0,19.095,74443.0
455,Si071000BQ0,SiM0,21-05-20,7,Put,71000.0,15,30,25,24.0,18.513,74443.0
456,Si071250BQ0,SiM0,21-05-20,7,Put,71250.0,6,0,0,29.0,17.972,74443.0
457,Si071500BQ0,SiM0,21-05-20,7,Put,71500.0,21,41,44,35.0,17.477,74443.0
458,Si071750BQ0,SiM0,21-05-20,7,Put,71750.0,9,0,0,44.0,17.033,74443.0
459,Si072000BQ0,SiM0,21-05-20,7,Put,72000.0,50,64,55,56.0,16.644,74443.0
460,Si072250BQ0,SiM0,21-05-20,7,Put,72250.0,33,100,0,72.0,16.317,74443.0
461,Si072500BQ0,SiM0,21-05-20,7,Put,72500.0,56,81,80,94.0,16.055,74443.0
462,Si072750BQ0,SiM0,21-05-20,7,Put,72750.0,25,0,0,123.0,15.862,74443.0
463,Si073000BQ0,SiM0,21-05-20,7,Put,73000.0,122,150,147,162.0,15.74,74443.0
464,Si073250BQ0,SiM0,21-05-20,7,Put,73250.0,75,398,0,213.0,15.691,74443.0
465,Si073500BQ0,SiM0,21-05-20,7,Put,73500.0,241,280,207,277.0,15.713,74443.0
466,Si073750BQ0,SiM0,21-05-20,7,Put,73750.0,173,1000,0,358.0,15.804,74443.0
467,Si074000BQ0,SiM0,21-05-20,7,Put,74000.0,429,465,440,456.0,15.962,74443.0
468,Si074250BQ0,SiM0,21-05-20,7,Put,74250.0,111,1111,650,571.0,16.184,74443.0
469,Si074500BQ0,SiM0,21-05-20,7,Put,74500.0,667,756,686,704.0,16.464,74443.0
470,Si074750BQ0,SiM0,21-05-20,7,Put,74750.0,111,0,0,854.0,16.799,74443.0
471,Si075000BQ0,SiM0,21-05-20,7,Put,75000.0,974,1088,1000,1020.0,17.183,74443.0
472,Si075250BQ0,SiM0,21-05-20,7,Put,75250.0,111,0,0,1199.0,17.613,74443.0
473,Si075500BQ0,SiM0,21-05-20,7,Put,75500.0,1362,1489,1244,1389.0,18.084,74443.0
474,Si075750BQ0,SiM0,21-05-20,7,Put,75750.0,11,0,0,1591.0,18.59,74443.0
475,Si076000BQ0,SiM0,21-05-20,7,Put,76000.0,1738,1869,1600,1800.0,19.127,74443.0
476,Si076250BQ0,SiM0,21-05-20,7,Put,76250.0,0,0,0,2016.0,19.691,74443.0
477,Si076500BQ0,SiM0,21-05-20,7,Put,76500.0,2213,2332,2085,2239.0,20.278,74443.0
478,Si076750BQ0,SiM0,21-05-20,7,Put,76750.0,0,0,0,2466.0,20.884,74443.0
479,Si077000BQ0,SiM0,21-05-20,7,Put,77000.0,2609,2747,2583,2696.0,21.504,74443.0
480,Si077250BQ0,SiM0,21-05-20,7,Put,77250.0,0,0,0,2930.0,22.135,74443.0
481,Si077500BQ0,SiM0,21-05-20,7,Put,77500.0,3077,3210,0,3166.0,22.774,74443.0
482,Si077750BQ0,SiM0,21-05-20,7,Put,77750.0,0,0,0,3404.0,23.417,74443.0
483,Si078000BQ0,SiM0,21-05-20,7,Put,78000.0,53,0,0,3644.0,24.061,74443.0
484,Si078250BQ0,SiM0,21-05-20,7,Put,78250.0,0,0,0,3885.0,24.704,74443.0
485,Si078500BQ0,SiM0,21-05-20,7,Put,78500.0,0,0,0,4127.0,25.342,74443.0
486,Si078750BQ0,SiM0,21-05-20,7,Put,78750.0,0,0,0,4370.0,25.974,74443.0
487,Si079000BQ0,SiM0,21-05-20,7,Put,79000.0,1350,0,4560,4614.0,26.597,74443.0
488,Si079250BQ0,SiM0,21-05-20,7,Put,79250.0,0,0,0,4859.0,27.209,74443.0
489,Si079500BQ0,SiM0,21-05-20,7,Put,79500.0,0,0,0,5104.0,27.808,74443.0
490,Si079750BQ0,SiM0,21-05-20,7,Put,79750.0,0,0,0,5349.0,28.394,74443.0
491,Si080000BQ0,SiM0,21-05-20,7,Put,80000.0,2436,0,0,5595.0,28.963,74443.0
492,Si080250BQ0,SiM0,21-05-20,7,Put,80250.0,0,0,0,5841.0,29.517,74443.0
493,Si080500BQ0,SiM0,21-05-20,7,Put,80500.0,0,0,0,6087.0,30.052,74443.0
494,Si080750BQ0,SiM0,21-05-20,7,Put,80750.0,0,0,0,6334.0,30.57,74443.0
495,Si081000BQ0,SiM0,21-05-20,7,Put,81000.0,45,0,0,6581.0,31.068,74443.0
496,Si081250BQ0,SiM0,21-05-20,7,Put,81250.0,0,0,0,6828.0,31.547,74443.0
497,Si081500BQ0,SiM0,21-05-20,7,Put,81500.0,0,0,0,7076.0,32.006,74443.0
498,Si081750BQ0,SiM0,21-05-20,7,Put,81750.0,0,0,0,7323.0,32.444,74443.0
499,Si082000BQ0,SiM0,21-05-20,7,Put,82000.0,0,0,0,7571.0,32.863,74443.0
500,Si082250BQ0,SiM0,21-05-20,7,Put,82250.0,0,0,0,7819.0,33.261,74443.0
501,Si082500BQ0,SiM0,21-05-20,7,Put,82500.0,0,0,0,8067.0,33.64,74443.0
502,Si082750BQ0,SiM0,21-05-20,7,Put,82750.0,0,0,0,8315.0,33.999,74443.0
503,Si083000BQ0,SiM0,21-05-20,7,Put,83000.0,0,0,0,8564.0,34.338,74443.0
504,Si083250BQ0,SiM0,21-05-20,7,Put,83250.0,0,0,0,8812.0,34.658,74443.0
505,Si083500BQ0,SiM0,21-05-20,7,Put,83500.0,0,0,0,9061.0,34.96,74443.0
506,Si083750BQ0,SiM0,21-05-20,7,Put,83750.0,0,0,0,9309.0,35.244,74443.0
507,Si084000BQ0,SiM0,21-05-20,7,Put,84000.0,0,0,0,9558.0,35.51,74443.0
508,Si084250BQ0,SiM0,21-05-20,7,Put,84250.0,0,0,0,9807.0,35.759,74443.0
509,Si084500BQ0,SiM0,21-05-20,7,Put,84500.0,0,0,0,10056.0,35.992,74443.0
510,Si084750BQ0,SiM0,21-05-20,7,Put,84750.0,0,0,0,10305.0,36.209,74443.0
511,Si085000BQ0,SiM0,21-05-20,7,Put,85000.0,0,0,0,10555.0,36.412,74443.0
512,Si085250BQ0,SiM0,21-05-20,7,Put,85250.0,0,0,0,10804.0,36.6,74443.0
513,Si085500BQ0,SiM0,21-05-20,7,Put,85500.0,0,0,0,11053.0,36.774,74443.0
514,Si085750BQ0,SiM0,21-05-20,7,Put,85750.0,0,0,0,11303.0,36.935,74443.0
515,Si086000BQ0,SiM0,21-05-20,7,Put,86000.0,0,0,0,11552.0,37.084,74443.0
516,Si086250BQ0,SiM0,21-05-20,7,Put,86250.0,0,0,0,11802.0,37.222,74443.0
517,Si086500BQ0,SiM0,21-05-20,7,Put,86500.0,0,0,0,12051.0,37.348,74443.0
518,Si086750BQ0,SiM0,21-05-20,7,Put,86750.0,0,0,0,12301.0,37.465,74443.0
519,Si087000BQ0,SiM0,21-05-20,7,Put,87000.0,0,0,0,12551.0,37.571,74443.0
520,Si087250BQ0,SiM0,21-05-20,7,Put,87250.0,0,0,0,12800.0,37.669,74443.0
521,Si087500BQ0,SiM0,21-05-20,7,Put,87500.0,0,0,0,13050.0,37.758,74443.0
522,Si087750BQ0,SiM0,21-05-20,7,Put,87750.0,0,0,0,13300.0,37.839,74443.0
523,Si088000BQ0,SiM0,21-05-20,7,Put,88000.0,0,0,0,13550.0,37.913,74443.0
524,Si088250BQ0,SiM0,21-05-20,7,Put,88250.0,0,0,0,13800.0,37.979,74443.0
525,Si088500BQ0,SiM0,21-05-20,7,Put,88500.0,0,0,0,14050.0,38.04,74443.0
526,Si088750BQ0,SiM0,21-05-20,7,Put,88750.0,0,0,0,14300.0,38.095,74443.0
527,Si089000BQ0,SiM0,21-05-20,7,Put,89000.0,0,0,0,14549.0,38.144,74443.0
528,Si089250BQ0,SiM0,21-05-20,7,Put,89250.0,0,0,0,14799.0,38.188,74443.0
529,Si089500BQ0,SiM0,21-05-20,7,Put,89500.0,0,0,0,15049.0,38.228,74443.0
530,Si090000BQ0,SiM0,21-05-20,7,Put,90000.0,0,0,0,15549.0,38.294,74443.0
531,Si090250BQ0,SiM0,21-05-20,7,Put,90250.0,0,0,0,15799.0,38.322,74443.0
532,Si090500BQ0,SiM0,21-05-20,7,Put,90500.0,0,0,0,16049.0,38.347,74443.0
533,Si094750BQ0,SiM0,21-05-20,7,Put,94750.0,0,0,0,20299.0,38.476,74443.0
534,Si050000BF0,SiM0,18-06-20,35,Call,50000.0,0,0,0,24467.0,43.177,74443.0
535,Si050250BF0,SiM0,18-06-20,35,Call,50250.0,0,0,0,24218.0,42.898,74443.0
536,Si050500BF0,SiM0,18-06-20,35,Call,50500.0,0,0,0,23968.0,42.61,74443.0
537,Si050750BF0,SiM0,18-06-20,35,Call,50750.0,0,0,0,23718.0,42.312,74443.0
538,Si051000BF0,SiM0,18-06-20,35,Call,51000.0,0,0,0,23468.0,42.006,74443.0
539,Si051250BF0,SiM0,18-06-20,35,Call,51250.0,0,0,0,23218.0,41.69,74443.0
540,Si051500BF0,SiM0,18-06-20,35,Call,51500.0,0,0,0,22969.0,41.367,74443.0
541,Si051750BF0,SiM0,18-06-20,35,Call,51750.0,0,0,0,22719.0,41.034,74443.0
542,Si052000BF0,SiM0,18-06-20,35,Call,52000.0,0,0,0,22469.0,40.693,74443.0
543,Si052250BF0,SiM0,18-06-20,35,Call,52250.0,0,0,0,22219.0,40.344,74443.0
544,Si052500BF0,SiM0,18-06-20,35,Call,52500.0,0,0,0,21969.0,39.987,74443.0
545,Si052750BF0,SiM0,18-06-20,35,Call,52750.0,0,0,0,21720.0,39.623,74443.0
546,Si053000BF0,SiM0,18-06-20,35,Call,53000.0,0,0,0,21470.0,39.251,74443.0
547,Si053250BF0,SiM0,18-06-20,35,Call,53250.0,0,0,0,21220.0,38.871,74443.0
548,Si053500BF0,SiM0,18-06-20,35,Call,53500.0,0,0,0,20970.0,38.485,74443.0
549,Si053750BF0,SiM0,18-06-20,35,Call,53750.0,0,0,0,20720.0,38.092,74443.0
550,Si054000BF0,SiM0,18-06-20,35,Call,54000.0,0,0,0,20471.0,37.693,74443.0
551,Si054250BF0,SiM0,18-06-20,35,Call,54250.0,0,0,0,20221.0,37.288,74443.0
552,Si054500BF0,SiM0,18-06-20,35,Call,54500.0,0,0,0,19971.0,36.878,74443.0
553,Si054750BF0,SiM0,18-06-20,35,Call,54750.0,0,0,0,19721.0,36.463,74443.0
554,Si055000BF0,SiM0,18-06-20,35,Call,55000.0,0,0,0,19471.0,36.042,74443.0
555,Si055250BF0,SiM0,18-06-20,35,Call,55250.0,0,0,0,19221.0,35.618,74443.0
556,Si055500BF0,SiM0,18-06-20,35,Call,55500.0,0,0,0,18971.0,35.189,74443.0
557,Si055750BF0,SiM0,18-06-20,35,Call,55750.0,0,0,0,18722.0,34.757,74443.0
558,Si056000BF0,SiM0,18-06-20,35,Call,56000.0,0,0,0,18472.0,34.322,74443.0
559,Si056250BF0,SiM0,18-06-20,35,Call,56250.0,0,0,0,18222.0,33.884,74443.0
560,Si056500BF0,SiM0,18-06-20,35,Call,56500.0,0,0,0,17972.0,33.445,74443.0
561,Si057000BF0,SiM0,18-06-20,35,Call,57000.0,0,0,0,17472.0,32.56,74443.0
562,Si057250BF0,SiM0,18-06-20,35,Call,57250.0,0,0,0,17222.0,32.116,74443.0
563,Si057500BF0,SiM0,18-06-20,35,Call,57500.0,0,0,0,16972.0,31.672,74443.0
564,Si058000BF0,SiM0,18-06-20,35,Call,58000.0,0,0,0,16473.0,30.785,74443.0
565,Si058250BF0,SiM0,18-06-20,35,Call,58250.0,0,0,0,16223.0,30.342,74443.0
566,Si059000BF0,SiM0,18-06-20,35,Call,59000.0,0,0,0,15473.0,29.025,74443.0
567,Si059250BF0,SiM0,18-06-20,35,Call,59250.0,0,0,0,15223.0,28.59,74443.0
568,Si059500BF0,SiM0,18-06-20,35,Call,59500.0,0,0,0,14973.0,28.158,74443.0
569,Si059750BF0,SiM0,18-06-20,35,Call,59750.0,0,0,0,14723.0,27.73,74443.0
570,Si060000BF0,SiM0,18-06-20,35,Call,60000.0,0,0,0,14474.0,27.306,74443.0
571,Si060250BF0,SiM0,18-06-20,35,Call,60250.0,0,0,0,14224.0,26.885,74443.0
572,Si060500BF0,SiM0,18-06-20,35,Call,60500.0,0,0,0,13974.0,26.469,74443.0
573,Si060750BF0,SiM0,18-06-20,35,Call,60750.0,0,0,0,13724.0,26.058,74443.0
574,Si061000BF0,SiM0,18-06-20,35,Call,61000.0,0,0,0,13474.0,25.651,74443.0
575,Si061250BF0,SiM0,18-06-20,35,Call,61250.0,0,0,0,13225.0,25.25,74443.0
576,Si061500BF0,SiM0,18-06-20,35,Call,61500.0,0,0,0,12975.0,24.854,74443.0
577,Si061750BF0,SiM0,18-06-20,35,Call,61750.0,0,0,0,12725.0,24.464,74443.0
578,Si062000BF0,SiM0,18-06-20,35,Call,62000.0,0,0,0,12476.0,24.08,74443.0
579,Si062250BF0,SiM0,18-06-20,35,Call,62250.0,0,0,0,12226.0,23.702,74443.0
580,Si062500BF0,SiM0,18-06-20,35,Call,62500.0,0,0,0,11976.0,23.331,74443.0
581,Si062750BF0,SiM0,18-06-20,35,Call,62750.0,0,0,0,11727.0,22.965,74443.0
582,Si063000BF0,SiM0,18-06-20,35,Call,63000.0,0,0,0,11477.0,22.607,74443.0
583,Si063250BF0,SiM0,18-06-20,35,Call,63250.0,0,0,0,11228.0,22.255,74443.0
584,Si063500BF0,SiM0,18-06-20,35,Call,63500.0,0,0,0,10979.0,21.91,74443.0
585,Si063750BF0,SiM0,18-06-20,35,Call,63750.0,0,0,0,10730.0,21.572,74443.0
586,Si064000BF0,SiM0,18-06-20,35,Call,64000.0,0,0,0,10480.0,21.241,74443.0
587,Si064250BF0,SiM0,18-06-20,35,Call,64250.0,0,0,0,10231.0,20.918,74443.0
588,Si064500BF0,SiM0,18-06-20,35,Call,64500.0,0,0,0,9983.0,20.602,74443.0
589,Si064750BF0,SiM0,18-06-20,35,Call,64750.0,0,0,0,9734.0,20.294,74443.0
590,Si065000BF0,SiM0,18-06-20,35,Call,65000.0,0,0,0,9485.0,19.993,74443.0
591,Si065250BF0,SiM0,18-06-20,35,Call,65250.0,0,0,0,9237.0,19.701,74443.0
592,Si065500BF0,SiM0,18-06-20,35,Call,65500.0,0,0,0,8989.0,19.417,74443.0
593,Si065750BF0,SiM0,18-06-20,35,Call,65750.0,0,0,0,8741.0,19.142,74443.0
594,Si066000BF0,SiM0,18-06-20,35,Call,66000.0,0,0,0,8493.0,18.876,74443.0
595,Si066250BF0,SiM0,18-06-20,35,Call,66250.0,0,0,0,8246.0,18.62,74443.0
596,Si066500BF0,SiM0,18-06-20,35,Call,66500.0,0,0,0,7999.0,18.373,74443.0
597,Si066750BF0,SiM0,18-06-20,35,Call,66750.0,0,0,0,7753.0,18.136,74443.0
598,Si067000BF0,SiM0,18-06-20,35,Call,67000.0,6500,0,0,7507.0,17.91,74443.0
599,Si067250BF0,SiM0,18-06-20,35,Call,67250.0,0,0,0,7261.0,17.696,74443.0
600,Si067500BF0,SiM0,18-06-20,35,Call,67500.0,0,0,0,7017.0,17.493,74443.0
601,Si067750BF0,SiM0,18-06-20,35,Call,67750.0,0,0,0,6773.0,17.302,74443.0
602,Si068000BF0,SiM0,18-06-20,35,Call,68000.0,5500,0,0,6531.0,17.124,74443.0
603,Si068250BF0,SiM0,18-06-20,35,Call,68250.0,0,0,0,6289.0,16.959,74443.0
604,Si068500BF0,SiM0,18-06-20,35,Call,68500.0,0,0,0,6049.0,16.808,74443.0
605,Si068750BF0,SiM0,18-06-20,35,Call,68750.0,0,0,0,5811.0,16.671,74443.0
606,Si069000BF0,SiM0,18-06-20,35,Call,69000.0,0,0,0,5575.0,16.548,74443.0
607,Si069250BF0,SiM0,18-06-20,35,Call,69250.0,0,0,0,5340.0,16.44,74443.0
608,Si069500BF0,SiM0,18-06-20,35,Call,69500.0,0,0,0,5108.0,16.346,74443.0
609,Si069750BF0,SiM0,18-06-20,35,Call,69750.0,0,0,0,4880.0,16.267,74443.0
610,Si070000BF0,SiM0,18-06-20,35,Call,70000.0,4500,0,5000,4654.0,16.204,74443.0
611,Si070250BF0,SiM0,18-06-20,35,Call,70250.0,1693,0,0,4432.0,16.155,74443.0
612,Si070500BF0,SiM0,18-06-20,35,Call,70500.0,102,0,0,4214.0,16.121,74443.0
613,Si070750BF0,SiM0,18-06-20,35,Call,70750.0,0,0,0,4000.0,16.102,74443.0
614,Si071000BF0,SiM0,18-06-20,35,Call,71000.0,0,14999,0,3792.0,16.097,74443.0
615,Si071250BF0,SiM0,18-06-20,35,Call,71250.0,1123,0,0,3589.0,16.106,74443.0
616,Si071500BF0,SiM0,18-06-20,35,Call,71500.0,0,0,0,3391.0,16.13,74443.0
617,Si071750BF0,SiM0,18-06-20,35,Call,71750.0,848,0,0,3200.0,16.167,74443.0
618,Si072000BF0,SiM0,18-06-20,35,Call,72000.0,463,0,3090,3016.0,16.218,74443.0
619,Si072250BF0,SiM0,18-06-20,35,Call,72250.0,108,0,0,2838.0,16.281,74443.0
620,Si072500BF0,SiM0,18-06-20,35,Call,72500.0,2595,2751,2900,2668.0,16.357,74443.0
621,Si072750BF0,SiM0,18-06-20,35,Call,72750.0,463,0,0,2505.0,16.445,74443.0
622,Si073000BF0,SiM0,18-06-20,35,Call,73000.0,2288,2407,2414,2350.0,16.545,74443.0
623,Si073250BF0,SiM0,18-06-20,35,Call,73250.0,0,0,0,2202.0,16.655,74443.0
624,Si073500BF0,SiM0,18-06-20,35,Call,73500.0,2004,2112,2242,2062.0,16.777,74443.0
625,Si073750BF0,SiM0,18-06-20,35,Call,73750.0,102,0,0,1930.0,16.908,74443.0
626,Si074000BF0,SiM0,18-06-20,35,Call,74000.0,1753,1869,1790,1806.0,17.05,74443.0
627,Si074250BF0,SiM0,18-06-20,35,Call,74250.0,102,0,0,1688.0,17.201,74443.0
628,Si074500BF0,SiM0,18-06-20,35,Call,74500.0,1544,1615,1700,1578.0,17.36,74443.0
629,Si074750BF0,SiM0,18-06-20,35,Call,74750.0,102,0,0,1476.0,17.528,74443.0
630,Si075000BF0,SiM0,18-06-20,35,Call,75000.0,1361,1432,1460,1379.0,17.703,74443.0
631,Si075250BF0,SiM0,18-06-20,35,Call,75250.0,102,0,0,1290.0,17.887,74443.0
632,Si075500BF0,SiM0,18-06-20,35,Call,75500.0,1187,1247,1300,1206.0,18.077,74443.0
633,Si075750BF0,SiM0,18-06-20,35,Call,75750.0,0,0,0,1128.0,18.273,74443.0
634,Si076000BF0,SiM0,18-06-20,35,Call,76000.0,1073,1104,1110,1056.0,18.476,74443.0
635,Si076250BF0,SiM0,18-06-20,35,Call,76250.0,0,0,0,989.0,18.684,74443.0
636,Si076500BF0,SiM0,18-06-20,35,Call,76500.0,933,940,940,927.0,18.898,74443.0
637,Si076750BF0,SiM0,18-06-20,35,Call,76750.0,0,0,0,869.0,19.116,74443.0
638,Si077000BF0,SiM0,18-06-20,35,Call,77000.0,836,867,835,816.0,19.339,74443.0
639,Si077250BF0,SiM0,18-06-20,35,Call,77250.0,0,0,0,766.0,19.566,74443.0
640,Si077500BF0,SiM0,18-06-20,35,Call,77500.0,722,760,755,720.0,19.797,74443.0
641,Si077750BF0,SiM0,18-06-20,35,Call,77750.0,0,0,0,678.0,20.031,74443.0
642,Si078000BF0,SiM0,18-06-20,35,Call,78000.0,645,687,718,638.0,20.269,74443.0
643,Si078250BF0,SiM0,18-06-20,35,Call,78250.0,0,0,0,602.0,20.508,74443.0
644,Si078500BF0,SiM0,18-06-20,35,Call,78500.0,569,613,618,568.0,20.751,74443.0
645,Si078750BF0,SiM0,18-06-20,35,Call,78750.0,0,0,0,536.0,20.995,74443.0
646,Si079000BF0,SiM0,18-06-20,35,Call,79000.0,510,540,512,507.0,21.241,74443.0
647,Si079250BF0,SiM0,18-06-20,35,Call,79250.0,3,0,0,479.0,21.488,74443.0
648,Si079500BF0,SiM0,18-06-20,35,Call,79500.0,434,473,0,454.0,21.737,74443.0
649,Si079750BF0,SiM0,18-06-20,35,Call,79750.0,0,0,0,430.0,21.986,74443.0
650,Si080000BF0,SiM0,18-06-20,35,Call,80000.0,400,427,425,408.0,22.236,74443.0
651,Si080250BF0,SiM0,18-06-20,35,Call,80250.0,301,0,0,388.0,22.487,74443.0
652,Si080500BF0,SiM0,18-06-20,35,Call,80500.0,315,382,362,368.0,22.737,74443.0
653,Si080750BF0,SiM0,18-06-20,35,Call,80750.0,0,0,0,350.0,22.987,74443.0
654,Si081000BF0,SiM0,18-06-20,35,Call,81000.0,279,344,340,333.0,23.237,74443.0
655,Si081250BF0,SiM0,18-06-20,35,Call,81250.0,0,0,0,317.0,23.487,74443.0
656,Si081500BF0,SiM0,18-06-20,35,Call,81500.0,243,309,349,302.0,23.736,74443.0
657,Si081750BF0,SiM0,18-06-20,35,Call,81750.0,0,0,0,288.0,23.983,74443.0
658,Si082000BF0,SiM0,18-06-20,35,Call,82000.0,224,292,270,275.0,24.23,74443.0
659,Si082250BF0,SiM0,18-06-20,35,Call,82250.0,0,0,0,263.0,24.475,74443.0
660,Si082500BF0,SiM0,18-06-20,35,Call,82500.0,188,263,290,251.0,24.719,74443.0
661,Si082750BF0,SiM0,18-06-20,35,Call,82750.0,0,0,0,240.0,24.961,74443.0
662,Si083000BF0,SiM0,18-06-20,35,Call,83000.0,172,247,0,229.0,25.201,74443.0
663,Si083250BF0,SiM0,18-06-20,35,Call,83250.0,0,0,0,219.0,25.439,74443.0
664,Si083500BF0,SiM0,18-06-20,35,Call,83500.0,144,218,0,210.0,25.676,74443.0
665,Si083750BF0,SiM0,18-06-20,35,Call,83750.0,0,0,0,201.0,25.91,74443.0
666,Si084000BF0,SiM0,18-06-20,35,Call,84000.0,150,203,185,192.0,26.141,74443.0
667,Si084250BF0,SiM0,18-06-20,35,Call,84250.0,0,0,0,184.0,26.371,74443.0
668,Si084500BF0,SiM0,18-06-20,35,Call,84500.0,111,185,171,176.0,26.597,74443.0
669,Si084750BF0,SiM0,18-06-20,35,Call,84750.0,0,0,0,169.0,26.821,74443.0
670,Si085000BF0,SiM0,18-06-20,35,Call,85000.0,116,161,170,162.0,27.043,74443.0
671,Si085250BF0,SiM0,18-06-20,35,Call,85250.0,0,0,0,155.0,27.261,74443.0
672,Si085500BF0,SiM0,18-06-20,35,Call,85500.0,91,145,0,149.0,27.477,74443.0
673,Si085750BF0,SiM0,18-06-20,35,Call,85750.0,0,0,0,142.0,27.69,74443.0
674,Si086000BF0,SiM0,18-06-20,35,Call,86000.0,90,134,0,136.0,27.899,74443.0
675,Si086250BF0,SiM0,18-06-20,35,Call,86250.0,0,0,0,131.0,28.106,74443.0
676,Si086500BF0,SiM0,18-06-20,35,Call,86500.0,89,0,148,125.0,28.309,74443.0
677,Si086750BF0,SiM0,18-06-20,35,Call,86750.0,0,0,0,120.0,28.51,74443.0
678,Si087000BF0,SiM0,18-06-20,35,Call,87000.0,91,4999,0,115.0,28.707,74443.0
679,Si087250BF0,SiM0,18-06-20,35,Call,87250.0,1,0,0,110.0,28.901,74443.0
680,Si087500BF0,SiM0,18-06-20,35,Call,87500.0,1,0,0,106.0,29.091,74443.0
681,Si087750BF0,SiM0,18-06-20,35,Call,87750.0,0,0,0,101.0,29.278,74443.0
682,Si088000BF0,SiM0,18-06-20,35,Call,88000.0,70,999,0,97.0,29.462,74443.0
683,Si088250BF0,SiM0,18-06-20,35,Call,88250.0,0,0,0,93.0,29.643,74443.0
684,Si088500BF0,SiM0,18-06-20,35,Call,88500.0,1,0,80,89.0,29.82,74443.0
685,Si088750BF0,SiM0,18-06-20,35,Call,88750.0,0,0,0,85.0,29.994,74443.0
686,Si089000BF0,SiM0,18-06-20,35,Call,89000.0,15,4999,0,82.0,30.165,74443.0
687,Si089250BF0,SiM0,18-06-20,35,Call,89250.0,0,0,0,78.0,30.332,74443.0
688,Si089500BF0,SiM0,18-06-20,35,Call,89500.0,3,0,0,75.0,30.496,74443.0
689,Si090000BF0,SiM0,18-06-20,35,Call,90000.0,66,98,75,69.0,30.814,74443.0
690,Si090500BF0,SiM0,18-06-20,35,Call,90500.0,7,180,0,63.0,31.118,74443.0
691,Si091000BF0,SiM0,18-06-20,35,Call,91000.0,30,0,0,57.0,31.409,74443.0
692,Si091500BF0,SiM0,18-06-20,35,Call,91500.0,29,0,0,52.0,31.688,74443.0
693,Si092000BF0,SiM0,18-06-20,35,Call,92000.0,20,100,0,48.0,31.954,74443.0
694,Si092500BF0,SiM0,18-06-20,35,Call,92500.0,20,0,0,43.0,32.207,74443.0
695,Si093000BF0,SiM0,18-06-20,35,Call,93000.0,20,0,0,39.0,32.448,74443.0
696,Si093750BF0,SiM0,18-06-20,35,Call,93750.0,9,0,0,34.0,32.787,74443.0
697,Si094000BF0,SiM0,18-06-20,35,Call,94000.0,18,65,65,32.0,32.894,74443.0
698,Si095000BF0,SiM0,18-06-20,35,Call,95000.0,21,50,45,26.0,33.296,74443.0
699,Si096000BF0,SiM0,18-06-20,35,Call,96000.0,20,40,40,21.0,33.656,74443.0
700,Si096250BF0,SiM0,18-06-20,35,Call,96250.0,10,0,0,20.0,33.74,74443.0
701,Si050000BR0,SiM0,18-06-20,35,Put,50000.0,2,40,0,3.0,43.177,74443.0
702,Si050250BR0,SiM0,18-06-20,35,Put,50250.0,0,0,0,4.0,42.898,74443.0
703,Si050500BR0,SiM0,18-06-20,35,Put,50500.0,0,0,0,4.0,42.61,74443.0
704,Si050750BR0,SiM0,18-06-20,35,Put,50750.0,0,0,0,4.0,42.312,74443.0
705,Si051000BR0,SiM0,18-06-20,35,Put,51000.0,0,0,0,4.0,42.006,74443.0
706,Si051250BR0,SiM0,18-06-20,35,Put,51250.0,0,0,0,4.0,41.69,74443.0
707,Si051500BR0,SiM0,18-06-20,35,Put,51500.0,0,0,0,5.0,41.367,74443.0
708,Si051750BR0,SiM0,18-06-20,35,Put,51750.0,0,0,0,5.0,41.034,74443.0
709,Si052000BR0,SiM0,18-06-20,35,Put,52000.0,0,0,0,5.0,40.693,74443.0
710,Si052250BR0,SiM0,18-06-20,35,Put,52250.0,0,0,0,5.0,40.344,74443.0
711,Si052500BR0,SiM0,18-06-20,35,Put,52500.0,0,0,0,5.0,39.987,74443.0
712,Si052750BR0,SiM0,18-06-20,35,Put,52750.0,0,0,0,6.0,39.623,74443.0
713,Si053000BR0,SiM0,18-06-20,35,Put,53000.0,0,0,0,6.0,39.251,74443.0
714,Si053250BR0,SiM0,18-06-20,35,Put,53250.0,0,0,0,6.0,38.871,74443.0
715,Si053500BR0,SiM0,18-06-20,35,Put,53500.0,0,0,0,6.0,38.485,74443.0
716,Si053750BR0,SiM0,18-06-20,35,Put,53750.0,0,0,0,6.0,38.092,74443.0
717,Si054000BR0,SiM0,18-06-20,35,Put,54000.0,0,0,0,7.0,37.693,74443.0
718,Si054250BR0,SiM0,18-06-20,35,Put,54250.0,0,0,0,7.0,37.288,74443.0
719,Si054500BR0,SiM0,18-06-20,35,Put,54500.0,0,0,0,7.0,36.878,74443.0
720,Si054750BR0,SiM0,18-06-20,35,Put,54750.0,0,0,0,7.0,36.463,74443.0
721,Si055000BR0,SiM0,18-06-20,35,Put,55000.0,4,50,0,7.0,36.042,74443.0
722,Si055250BR0,SiM0,18-06-20,35,Put,55250.0,0,0,0,7.0,35.618,74443.0
723,Si055500BR0,SiM0,18-06-20,35,Put,55500.0,0,0,0,7.0,35.189,74443.0
724,Si055750BR0,SiM0,18-06-20,35,Put,55750.0,0,0,0,8.0,34.757,74443.0
725,Si056000BR0,SiM0,18-06-20,35,Put,56000.0,0,0,0,8.0,34.322,74443.0
726,Si056250BR0,SiM0,18-06-20,35,Put,56250.0,0,0,0,8.0,33.884,74443.0
727,Si056500BR0,SiM0,18-06-20,35,Put,56500.0,0,0,0,8.0,33.445,74443.0
728,Si057000BR0,SiM0,18-06-20,35,Put,57000.0,1,11,0,8.0,32.56,74443.0
729,Si057250BR0,SiM0,18-06-20,35,Put,57250.0,0,0,0,8.0,32.116,74443.0
730,Si057500BR0,SiM0,18-06-20,35,Put,57500.0,0,0,0,8.0,31.672,74443.0
731,Si058000BR0,SiM0,18-06-20,35,Put,58000.0,0,0,0,9.0,30.785,74443.0
732,Si058250BR0,SiM0,18-06-20,35,Put,58250.0,0,0,0,9.0,30.342,74443.0
733,Si059000BR0,SiM0,18-06-20,35,Put,59000.0,0,0,0,9.0,29.025,74443.0
734,Si059250BR0,SiM0,18-06-20,35,Put,59250.0,0,0,0,9.0,28.59,74443.0
735,Si059500BR0,SiM0,18-06-20,35,Put,59500.0,0,0,0,9.0,28.158,74443.0
736,Si059750BR0,SiM0,18-06-20,35,Put,59750.0,0,0,0,9.0,27.73,74443.0
737,Si060000BR0,SiM0,18-06-20,35,Put,60000.0,6,78,0,10.0,27.306,74443.0
738,Si060250BR0,SiM0,18-06-20,35,Put,60250.0,0,0,0,10.0,26.885,74443.0
739,Si060500BR0,SiM0,18-06-20,35,Put,60500.0,0,0,0,10.0,26.469,74443.0
740,Si060750BR0,SiM0,18-06-20,35,Put,60750.0,0,0,0,10.0,26.058,74443.0
741,Si061000BR0,SiM0,18-06-20,35,Put,61000.0,0,0,0,10.0,25.651,74443.0
742,Si061250BR0,SiM0,18-06-20,35,Put,61250.0,0,0,0,11.0,25.25,74443.0
743,Si061500BR0,SiM0,18-06-20,35,Put,61500.0,0,82,0,11.0,24.854,74443.0
744,Si061750BR0,SiM0,18-06-20,35,Put,61750.0,0,0,0,11.0,24.464,74443.0
745,Si062000BR0,SiM0,18-06-20,35,Put,62000.0,10,78,10,12.0,24.08,74443.0
746,Si062250BR0,SiM0,18-06-20,35,Put,62250.0,0,0,0,12.0,23.702,74443.0
747,Si062500BR0,SiM0,18-06-20,35,Put,62500.0,1,83,0,12.0,23.331,74443.0
748,Si062750BR0,SiM0,18-06-20,35,Put,62750.0,0,0,0,13.0,22.965,74443.0
749,Si063000BR0,SiM0,18-06-20,35,Put,63000.0,11,100,11,13.0,22.607,74443.0
750,Si063250BR0,SiM0,18-06-20,35,Put,63250.0,0,0,0,14.0,22.255,74443.0
751,Si063500BR0,SiM0,18-06-20,35,Put,63500.0,10,100,10,15.0,21.91,74443.0
752,Si063750BR0,SiM0,18-06-20,35,Put,63750.0,0,0,0,16.0,21.572,74443.0
753,Si064000BR0,SiM0,18-06-20,35,Put,64000.0,15,100,0,16.0,21.241,74443.0
754,Si064250BR0,SiM0,18-06-20,35,Put,64250.0,0,0,0,17.0,20.918,74443.0
755,Si064500BR0,SiM0,18-06-20,35,Put,64500.0,1,62,0,19.0,20.602,74443.0
756,Si064750BR0,SiM0,18-06-20,35,Put,64750.0,0,0,0,20.0,20.294,74443.0
757,Si065000BR0,SiM0,18-06-20,35,Put,65000.0,21,37,37,21.0,19.993,74443.0
758,Si065250BR0,SiM0,18-06-20,35,Put,65250.0,0,0,0,23.0,19.701,74443.0
759,Si065500BR0,SiM0,18-06-20,35,Put,65500.0,20,66,0,25.0,19.417,74443.0
760,Si065750BR0,SiM0,18-06-20,35,Put,65750.0,21,0,0,27.0,19.142,74443.0
761,Si066000BR0,SiM0,18-06-20,35,Put,66000.0,22,69,0,29.0,18.876,74443.0
762,Si066250BR0,SiM0,18-06-20,35,Put,66250.0,23,0,0,32.0,18.62,74443.0
763,Si066500BR0,SiM0,18-06-20,35,Put,66500.0,25,73,0,35.0,18.373,74443.0
764,Si066750BR0,SiM0,18-06-20,35,Put,66750.0,26,0,0,39.0,18.136,74443.0
765,Si067000BR0,SiM0,18-06-20,35,Put,67000.0,27,60,0,43.0,17.91,74443.0
766,Si067250BR0,SiM0,18-06-20,35,Put,67250.0,28,0,0,47.0,17.696,74443.0
767,Si067500BR0,SiM0,18-06-20,35,Put,67500.0,30,81,0,53.0,17.493,74443.0
768,Si067750BR0,SiM0,18-06-20,35,Put,67750.0,32,0,0,59.0,17.302,74443.0
769,Si068000BR0,SiM0,18-06-20,35,Put,68000.0,40,65,65,67.0,17.124,74443.0
770,Si068250BR0,SiM0,18-06-20,35,Put,68250.0,36,0,0,75.0,16.959,74443.0
771,Si068500BR0,SiM0,18-06-20,35,Put,68500.0,40,113,0,85.0,16.808,74443.0
772,Si068750BR0,SiM0,18-06-20,35,Put,68750.0,42,0,0,97.0,16.671,74443.0
773,Si069000BR0,SiM0,18-06-20,35,Put,69000.0,62,132,95,110.0,16.508,74443.0
774,Si069250BR0,SiM0,18-06-20,35,Put,69250.0,45,0,0,126.0,16.4,74443.0
775,Si069500BR0,SiM0,18-06-20,35,Put,69500.0,111,180,0,144.0,16.308,74443.0
776,Si069750BR0,SiM0,18-06-20,35,Put,69750.0,60,0,0,165.0,16.23,74443.0
777,Si070000BR0,SiM0,18-06-20,35,Put,70000.0,153,175,159,190.0,16.167,74443.0
778,Si070250BR0,SiM0,18-06-20,35,Put,70250.0,80,0,0,218.0,16.119,74443.0
779,Si070500BR0,SiM0,18-06-20,35,Put,70500.0,211,244,243,250.0,16.086,74443.0
780,Si070750BR0,SiM0,18-06-20,35,Put,70750.0,90,0,0,286.0,16.068,74443.0
781,Si071000BR0,SiM0,18-06-20,35,Put,71000.0,288,310,282,328.0,16.065,74443.0
782,Si071250BR0,SiM0,18-06-20,35,Put,71250.0,110,0,0,375.0,16.075,74443.0
783,Si071500BR0,SiM0,18-06-20,35,Put,71500.0,384,447,370,428.0,16.1,74443.0
784,Si071750BR0,SiM0,18-06-20,35,Put,71750.0,130,0,0,487.0,16.139,74443.0
785,Si072000BR0,SiM0,18-06-20,35,Put,72000.0,513,553,502,553.0,16.19,74443.0
786,Si072250BR0,SiM0,18-06-20,35,Put,72250.0,500,0,0,626.0,16.255,74443.0
787,Si072500BR0,SiM0,18-06-20,35,Put,72500.0,686,743,659,706.0,16.332,74443.0
788,Si072750BR0,SiM0,18-06-20,35,Put,72750.0,160,0,0,793.0,16.422,74443.0
789,Si073000BR0,SiM0,18-06-20,35,Put,73000.0,879,934,776,888.0,16.523,74443.0
790,Si073250BR0,SiM0,18-06-20,35,Put,73250.0,170,0,0,991.0,16.635,74443.0
791,Si073500BR0,SiM0,18-06-20,35,Put,73500.0,1095,1155,946,1102.0,16.758,74443.0
792,Si073750BR0,SiM0,18-06-20,35,Put,73750.0,0,0,0,1220.0,16.89,74443.0
793,Si074000BR0,SiM0,18-06-20,35,Put,74000.0,1340,1400,1370,1346.0,17.033,74443.0
794,Si074250BR0,SiM0,18-06-20,35,Put,74250.0,0,0,0,1479.0,17.185,74443.0
795,Si074500BR0,SiM0,18-06-20,35,Put,74500.0,1623,1691,1590,1620.0,17.346,74443.0
796,Si074750BR0,SiM0,18-06-20,35,Put,74750.0,0,0,0,1767.0,17.515,74443.0
797,Si075000BR0,SiM0,18-06-20,35,Put,75000.0,1904,2018,1770,1921.0,17.692,74443.0
798,Si075250BR0,SiM0,18-06-20,35,Put,75250.0,0,0,0,2082.0,17.876,74443.0
799,Si075500BR0,SiM0,18-06-20,35,Put,75500.0,2235,2341,2422,2249.0,18.067,74443.0
800,Si075750BR0,SiM0,18-06-20,35,Put,75750.0,0,0,0,2422.0,18.265,74443.0
801,Si076000BR0,SiM0,18-06-20,35,Put,76000.0,2615,2701,2486,2600.0,18.469,74443.0
802,Si076250BR0,SiM0,18-06-20,35,Put,76250.0,0,0,0,2783.0,18.679,74443.0
803,Si076500BR0,SiM0,18-06-20,35,Put,76500.0,2923,3030,0,2971.0,18.894,74443.0
804,Si076750BR0,SiM0,18-06-20,35,Put,76750.0,0,0,0,3164.0,19.113,74443.0
805,Si077000BR0,SiM0,18-06-20,35,Put,77000.0,1384,0,0,3361.0,19.337,74443.0
806,Si077250BR0,SiM0,18-06-20,35,Put,77250.0,0,0,0,3562.0,19.566,74443.0
807,Si077500BR0,SiM0,18-06-20,35,Put,77500.0,1850,9998,3900,3766.0,19.798,74443.0
808,Si077750BR0,SiM0,18-06-20,35,Put,77750.0,0,0,0,3974.0,20.033,74443.0
809,Si078000BR0,SiM0,18-06-20,35,Put,78000.0,0,0,0,4184.0,20.271,74443.0
810,Si078250BR0,SiM0,18-06-20,35,Put,78250.0,0,0,0,4398.0,20.512,74443.0
811,Si078500BR0,SiM0,18-06-20,35,Put,78500.0,0,0,0,4614.0,20.755,74443.0
812,Si078750BR0,SiM0,18-06-20,35,Put,78750.0,0,0,0,4833.0,21.001,74443.0
813,Si079000BR0,SiM0,18-06-20,35,Put,79000.0,2778,6800,0,5054.0,21.248,74443.0
814,Si079250BR0,SiM0,18-06-20,35,Put,79250.0,0,0,0,5277.0,21.496,74443.0
815,Si079500BR0,SiM0,18-06-20,35,Put,79500.0,0,0,0,5501.0,21.746,74443.0
816,Si079750BR0,SiM0,18-06-20,35,Put,79750.0,0,0,0,5728.0,21.996,74443.0
817,Si080000BR0,SiM0,18-06-20,35,Put,80000.0,0,0,0,5956.0,22.247,74443.0
818,Si080250BR0,SiM0,18-06-20,35,Put,80250.0,0,0,0,6185.0,22.499,74443.0
819,Si080500BR0,SiM0,18-06-20,35,Put,80500.0,3781,0,6070,6416.0,22.75,74443.0
820,Si080750BR0,SiM0,18-06-20,35,Put,80750.0,0,0,0,6648.0,23.002,74443.0
821,Si081000BR0,SiM0,18-06-20,35,Put,81000.0,4576,0,0,6881.0,23.253,74443.0
822,Si081250BR0,SiM0,18-06-20,35,Put,81250.0,0,0,0,7115.0,23.503,74443.0
823,Si081500BR0,SiM0,18-06-20,35,Put,81500.0,0,0,0,7351.0,23.753,74443.0
824,Si081750BR0,SiM0,18-06-20,35,Put,81750.0,0,0,0,7587.0,24.002,74443.0
825,Si082000BR0,SiM0,18-06-20,35,Put,82000.0,0,11999,0,7823.0,24.249,74443.0
826,Si082250BR0,SiM0,18-06-20,35,Put,82250.0,0,0,0,8061.0,24.495,74443.0
827,Si082500BR0,SiM0,18-06-20,35,Put,82500.0,0,0,0,8299.0,24.74,74443.0
828,Si082750BR0,SiM0,18-06-20,35,Put,82750.0,0,0,0,8538.0,24.983,74443.0
829,Si083000BR0,SiM0,18-06-20,35,Put,83000.0,0,0,0,8778.0,25.224,74443.0
830,Si083250BR0,SiM0,18-06-20,35,Put,83250.0,0,0,0,9018.0,25.464,74443.0
831,Si083500BR0,SiM0,18-06-20,35,Put,83500.0,0,0,0,9258.0,25.701,74443.0
832,Si083750BR0,SiM0,18-06-20,35,Put,83750.0,0,0,0,9499.0,25.936,74443.0
833,Si084000BR0,SiM0,18-06-20,35,Put,84000.0,0,0,0,9741.0,26.168,74443.0
834,Si084250BR0,SiM0,18-06-20,35,Put,84250.0,0,0,0,9983.0,26.399,74443.0
835,Si084500BR0,SiM0,18-06-20,35,Put,84500.0,0,0,0,10225.0,26.626,74443.0
836,Si084750BR0,SiM0,18-06-20,35,Put,84750.0,0,0,0,10468.0,26.851,74443.0
837,Si085000BR0,SiM0,18-06-20,35,Put,85000.0,0,0,0,10711.0,27.074,74443.0
838,Si085250BR0,SiM0,18-06-20,35,Put,85250.0,0,0,0,10954.0,27.293,74443.0
839,Si085500BR0,SiM0,18-06-20,35,Put,85500.0,0,0,0,11198.0,27.51,74443.0
840,Si085750BR0,SiM0,18-06-20,35,Put,85750.0,0,0,0,11442.0,27.723,74443.0
841,Si086000BR0,SiM0,18-06-20,35,Put,86000.0,0,0,0,11686.0,27.934,74443.0
842,Si086250BR0,SiM0,18-06-20,35,Put,86250.0,0,0,0,11930.0,28.141,74443.0
843,Si086500BR0,SiM0,18-06-20,35,Put,86500.0,0,0,0,12175.0,28.346,74443.0
844,Si086750BR0,SiM0,18-06-20,35,Put,86750.0,0,0,0,12419.0,28.547,74443.0
845,Si087000BR0,SiM0,18-06-20,35,Put,87000.0,0,0,0,12665.0,28.745,74443.0
846,Si087250BR0,SiM0,18-06-20,35,Put,87250.0,0,0,0,12910.0,28.94,74443.0
847,Si087500BR0,SiM0,18-06-20,35,Put,87500.0,0,0,0,13155.0,29.131,74443.0
848,Si087750BR0,SiM0,18-06-20,35,Put,87750.0,0,0,0,13401.0,29.319,74443.0
849,Si088000BR0,SiM0,18-06-20,35,Put,88000.0,0,0,0,13647.0,29.504,74443.0
850,Si088250BR0,SiM0,18-06-20,35,Put,88250.0,0,0,0,13892.0,29.686,74443.0
851,Si088500BR0,SiM0,18-06-20,35,Put,88500.0,0,0,0,14139.0,29.864,74443.0
852,Si088750BR0,SiM0,18-06-20,35,Put,88750.0,0,0,0,14385.0,30.039,74443.0
853,Si089000BR0,SiM0,18-06-20,35,Put,89000.0,0,0,0,14631.0,30.21,74443.0
854,Si089250BR0,SiM0,18-06-20,35,Put,89250.0,0,0,0,14878.0,30.378,74443.0
855,Si089500BR0,SiM0,18-06-20,35,Put,89500.0,0,0,0,15124.0,30.543,74443.0
856,Si090000BR0,SiM0,18-06-20,35,Put,90000.0,15100,0,0,15618.0,30.863,74443.0
857,Si090500BR0,SiM0,18-06-20,35,Put,90500.0,0,0,0,16112.0,31.169,74443.0
858,Si091000BR0,SiM0,18-06-20,35,Put,91000.0,0,0,0,16607.0,31.462,74443.0
859,Si091500BR0,SiM0,18-06-20,35,Put,91500.0,0,0,0,17102.0,31.742,74443.0
860,Si092000BR0,SiM0,18-06-20,35,Put,92000.0,0,0,0,17597.0,32.009,74443.0
861,Si092500BR0,SiM0,18-06-20,35,Put,92500.0,0,0,0,18093.0,32.264,74443.0
862,Si093000BR0,SiM0,18-06-20,35,Put,93000.0,0,0,0,18589.0,32.507,74443.0
863,Si093750BR0,SiM0,18-06-20,35,Put,93750.0,0,0,0,19333.0,32.848,74443.0
864,Si094000BR0,SiM0,18-06-20,35,Put,94000.0,0,0,0,19582.0,32.956,74443.0
865,Si095000BR0,SiM0,18-06-20,35,Put,95000.0,20000,0,0,20576.0,33.361,74443.0
866,Si096000BR0,SiM0,18-06-20,35,Put,96000.0,0,0,0,21571.0,33.723,74443.0
867,Si096250BR0,SiM0,18-06-20,35,Put,96250.0,0,0,0,21819.0,33.808,74443.0
